0 verbose cli D:\Program Files\nodejs\node.exe D:\Program Files\nodejs\node_modules\npm\bin\npm-cli.js
1 info using npm@11.12.1
2 info using node@v24.15.0
3 silly config load:file:D:\Program Files\nodejs\node_modules\npm\npmrc
4 silly config load:file:C:\Users\expert\Documents\Codex\2026-06-03\c-users-expert-desktop-novax-pro\.npmrc
5 silly config load:file:C:\Users\expert\.npmrc
6 silly config load:file:C:\Users\expert\AppData\Roaming\npm\etc\npmrc
7 verbose title npm install
8 verbose argv "install" "--cache" ".\\.npm-cache"
9 verbose logfile logs-max:10 dir:C:\Users\expert\Documents\Codex\2026-06-03\c-users-expert-desktop-novax-pro\.npm-cache\_logs\2026-06-03T13_10_50_903Z-
10 verbose logfile C:\Users\expert\Documents\Codex\2026-06-03\c-users-expert-desktop-novax-pro\.npm-cache\_logs\2026-06-03T13_10_50_903Z-debug-0.log
11 silly logfile done cleaning log files
12 silly packumentCache heap:4496293888 maxSize:1124073472 maxEntrySize:562036736
13 silly idealTree buildDeps
14 silly reify moves {}
15 http fetch GET https://registry.npmmirror.com/npm attempt 1 failed with EACCES
16 silly audit bulk request {
16 silly audit   '@alloc/quick-lru': [ '5.2.0' ],
16 silly audit   '@babel/code-frame': [ '7.29.0' ],
16 silly audit   '@babel/compat-data': [ '7.29.3' ],
16 silly audit   '@babel/core': [ '7.29.0' ],
16 silly audit   '@babel/generator': [ '7.29.1' ],
16 silly audit   '@babel/helper-compilation-targets': [ '7.28.6' ],
16 silly audit   '@babel/helper-globals': [ '7.28.0' ],
16 silly audit   '@babel/helper-module-imports': [ '7.28.6' ],
16 silly audit   '@babel/helper-module-transforms': [ '7.28.6' ],
16 silly audit   '@babel/helper-string-parser': [ '7.27.1' ],
16 silly audit   '@babel/helper-validator-identifier': [ '7.28.5' ],
16 silly audit   '@babel/helper-validator-option': [ '7.27.1' ],
16 silly audit   '@babel/helpers': [ '7.29.2' ],
16 silly audit   '@babel/parser': [ '7.29.3' ],
16 silly audit   '@babel/template': [ '7.28.6' ],
16 silly audit   '@babel/traverse': [ '7.29.0' ],
16 silly audit   '@babel/types': [ '7.29.0' ],
16 silly audit   '@emnapi/core': [ '1.10.0' ],
16 silly audit   '@emnapi/runtime': [ '1.10.0' ],
16 silly audit   '@emnapi/wasi-threads': [ '1.2.1' ],
16 silly audit   '@eslint-community/eslint-utils': [ '4.9.1' ],
16 silly audit   'eslint-visitor-keys': [ '3.4.3', '5.0.1', '4.2.1' ],
16 silly audit   '@eslint-community/regexpp': [ '4.12.2' ],
16 silly audit   '@eslint/config-array': [ '0.21.2' ],
16 silly audit   '@eslint/config-helpers': [ '0.4.2' ],
16 silly audit   '@eslint/core': [ '0.17.0' ],
16 silly audit   '@eslint/eslintrc': [ '3.3.5' ],
16 silly audit   '@eslint/js': [ '9.39.4' ],
16 silly audit   '@eslint/object-schema': [ '2.1.7' ],
16 silly audit   '@eslint/plugin-kit': [ '0.4.1' ],
16 silly audit   '@humanfs/core': [ '0.19.2' ],
16 silly audit   '@humanfs/node': [ '0.16.8' ],
16 silly audit   '@humanfs/types': [ '0.15.0' ],
16 silly audit   '@humanwhocodes/module-importer': [ '1.0.1' ],
16 silly audit   '@humanwhocodes/retry': [ '0.4.3' ],
16 silly audit   '@img/colour': [ '1.1.0' ],
16 silly audit   '@img/sharp-darwin-arm64': [ '0.34.5' ],
16 silly audit   '@img/sharp-darwin-x64': [ '0.34.5' ],
16 silly audit   '@img/sharp-libvips-darwin-arm64': [ '1.2.4' ],
16 silly audit   '@img/sharp-libvips-darwin-x64': [ '1.2.4' ],
16 silly audit   '@img/sharp-libvips-linux-arm': [ '1.2.4' ],
16 silly audit   '@img/sharp-libvips-linux-arm64': [ '1.2.4' ],
16 silly audit   '@img/sharp-libvips-linux-ppc64': [ '1.2.4' ],
16 silly audit   '@img/sharp-libvips-linux-riscv64': [ '1.2.4' ],
16 silly audit   '@img/sharp-libvips-linux-s390x': [ '1.2.4' ],
16 silly audit   '@img/sharp-libvips-linux-x64': [ '1.2.4' ],
16 silly audit   '@img/sharp-libvips-linuxmusl-arm64': [ '1.2.4' ],
16 silly audit   '@img/sharp-libvips-linuxmusl-x64': [ '1.2.4' ],
16 silly audit   '@img/sharp-linux-arm': [ '0.34.5' ],
16 silly audit   '@img/sharp-linux-arm64': [ '0.34.5' ],
16 silly audit   '@img/sharp-linux-ppc64': [ '0.34.5' ],
16 silly audit   '@img/sharp-linux-riscv64': [ '0.34.5' ],
16 silly audit   '@img/sharp-linux-s390x': [ '0.34.5' ],
16 silly audit   '@img/sharp-linux-x64': [ '0.34.5' ],
16 silly audit   '@img/sharp-linuxmusl-arm64': [ '0.34.5' ],
16 silly audit   '@img/sharp-linuxmusl-x64': [ '0.34.5' ],
16 silly audit   '@img/sharp-wasm32': [ '0.34.5' ],
16 silly audit   '@img/sharp-win32-arm64': [ '0.34.5' ],
16 silly audit   '@img/sharp-win32-ia32': [ '0.34.5' ],
16 silly audit   '@img/sharp-win32-x64': [ '0.34.5' ],
16 silly audit   '@jridgewell/gen-mapping': [ '0.3.13' ],
16 silly audit   '@jridgewell/remapping': [ '2.3.5' ],
16 silly audit   '@jridgewell/resolve-uri': [ '3.1.2' ],
16 silly audit   '@jridgewell/sourcemap-codec': [ '1.5.5' ],
16 silly audit   '@jridgewell/trace-mapping': [ '0.3.31' ],
16 silly audit   '@napi-rs/wasm-runtime': [ '0.2.12' ],
16 silly audit   '@next/env': [ '16.2.6' ],
16 silly audit   '@next/eslint-plugin-next': [ '16.2.6' ],
16 silly audit   '@next/swc-darwin-arm64': [ '16.2.6' ],
16 silly audit   '@next/swc-darwin-x64': [ '16.2.6' ],
16 silly audit   '@next/swc-linux-arm64-gnu': [ '16.2.6' ],
16 silly audit   '@next/swc-linux-arm64-musl': [ '16.2.6' ],
16 silly audit   '@next/swc-linux-x64-gnu': [ '16.2.6' ],
16 silly audit   '@next/swc-linux-x64-musl': [ '16.2.6' ],
16 silly audit   '@next/swc-win32-arm64-msvc': [ '16.2.6' ],
16 silly audit   '@next/swc-win32-x64-msvc': [ '16.2.6' ],
16 silly audit   '@nodelib/fs.scandir': [ '2.1.5' ],
16 silly audit   '@nodelib/fs.stat': [ '2.0.5' ],
16 silly audit   '@nodelib/fs.walk': [ '1.2.8' ],
16 silly audit   '@nolyfill/is-core-module': [ '1.0.39' ],
16 silly audit   '@prisma/client': [ '6.19.3' ],
16 silly audit   '@prisma/config': [ '6.19.3' ],
16 silly audit   '@prisma/debug': [ '6.19.3' ],
16 silly audit   '@prisma/engines': [ '6.19.3' ],
16 silly audit   '@prisma/engines-version': [ '7.1.1-3.c2990dca591cba766e3b7ef5d9e8a84796e47ab7' ],
16 silly audit   '@prisma/fetch-engine': [ '6.19.3' ],
16 silly audit   '@prisma/get-platform': [ '6.19.3' ],
16 silly audit   '@rtsao/scc': [ '1.1.0' ],
16 silly audit   '@standard-schema/spec': [ '1.1.0' ],
16 silly audit   '@swc/helpers': [ '0.5.15' ],
16 silly audit   '@tailwindcss/node': [ '4.3.0' ],
16 silly audit   '@tailwindcss/oxide': [ '4.3.0' ],
16 silly audit   '@tailwindcss/oxide-android-arm64': [ '4.3.0' ],
16 silly audit   '@tailwindcss/oxide-darwin-arm64': [ '4.3.0' ],
16 silly audit   '@tailwindcss/oxide-darwin-x64': [ '4.3.0' ],
16 silly audit   '@tailwindcss/oxide-freebsd-x64': [ '4.3.0' ],
16 silly audit   '@tailwindcss/oxide-linux-arm-gnueabihf': [ '4.3.0' ],
16 silly audit   '@tailwindcss/oxide-linux-arm64-gnu': [ '4.3.0' ],
16 silly audit   '@tailwindcss/oxide-linux-arm64-musl': [ '4.3.0' ],
16 silly audit   '@tailwindcss/oxide-linux-x64-gnu': [ '4.3.0' ],
16 silly audit   '@tailwindcss/oxide-linux-x64-musl': [ '4.3.0' ],
16 silly audit   '@tailwindcss/oxide-wasm32-wasi': [ '4.3.0' ],
16 silly audit   '@tailwindcss/oxide-win32-arm64-msvc': [ '4.3.0' ],
16 silly audit   '@tailwindcss/oxide-win32-x64-msvc': [ '4.3.0' ],
16 silly audit   '@tailwindcss/postcss': [ '4.3.0' ],
16 silly audit   '@tybys/wasm-util': [ '0.10.2' ],
16 silly audit   '@types/estree': [ '1.0.9' ],
16 silly audit   '@types/json-schema': [ '7.0.15' ],
16 silly audit   '@types/json5': [ '0.0.29' ],
16 silly audit   '@types/node': [ '20.19.41' ],
16 silly audit   '@types/react': [ '19.2.14' ],
16 silly audit   '@types/react-dom': [ '19.2.3' ],
16 silly audit   '@typescript-eslint/eslint-plugin': [ '8.59.3' ],
16 silly audit   ignore: [ '7.0.5', '5.3.2' ],
16 silly audit   '@typescript-eslint/parser': [ '8.59.3' ],
16 silly audit   '@typescript-eslint/project-service': [ '8.59.3' ],
16 silly audit   '@typescript-eslint/scope-manager': [ '8.59.3' ],
16 silly audit   '@typescript-eslint/tsconfig-utils': [ '8.59.3' ],
16 silly audit   '@typescript-eslint/type-utils': [ '8.59.3' ],
16 silly audit   '@typescript-eslint/types': [ '8.59.3' ],
16 silly audit   '@typescript-eslint/typescript-estree': [ '8.59.3' ],
16 silly audit   'balanced-match': [ '4.0.4', '1.0.2' ],
16 silly audit   'brace-expansion': [ '5.0.6', '1.1.14' ],
16 silly audit   minimatch: [ '10.2.5', '3.1.5' ],
16 silly audit   semver: [ '7.8.0', '6.3.1' ],
16 silly audit   '@typescript-eslint/utils': [ '8.59.3' ],
16 silly audit   '@typescript-eslint/visitor-keys': [ '8.59.3' ],
16 silly audit   '@unrs/resolver-binding-android-arm-eabi': [ '1.11.1' ],
16 silly audit   '@unrs/resolver-binding-android-arm64': [ '1.11.1' ],
16 silly audit   '@unrs/resolver-binding-darwin-arm64': [ '1.11.1' ],
16 silly audit   '@unrs/resolver-binding-darwin-x64': [ '1.11.1' ],
16 silly audit   '@unrs/resolver-binding-freebsd-x64': [ '1.11.1' ],
16 silly audit   '@unrs/resolver-binding-linux-arm-gnueabihf': [ '1.11.1' ],
16 silly audit   '@unrs/resolver-binding-linux-arm-musleabihf': [ '1.11.1' ],
16 silly audit   '@unrs/resolver-binding-linux-arm64-gnu': [ '1.11.1' ],
16 silly audit   '@unrs/resolver-binding-linux-arm64-musl': [ '1.11.1' ],
16 silly audit   '@unrs/resolver-binding-linux-ppc64-gnu': [ '1.11.1' ],
16 silly audit   '@unrs/resolver-binding-linux-riscv64-gnu': [ '1.11.1' ],
16 silly audit   '@unrs/resolver-binding-linux-riscv64-musl': [ '1.11.1' ],
16 silly audit   '@unrs/resolver-binding-linux-s390x-gnu': [ '1.11.1' ],
16 silly audit   '@unrs/resolver-binding-linux-x64-gnu': [ '1.11.1' ],
16 silly audit   '@unrs/resolver-binding-linux-x64-musl': [ '1.11.1' ],
16 silly audit   '@unrs/resolver-binding-wasm32-wasi': [ '1.11.1' ],
16 silly audit   '@unrs/resolver-binding-win32-arm64-msvc': [ '1.11.1' ],
16 silly audit   '@unrs/resolver-binding-win32-ia32-msvc': [ '1.11.1' ],
16 silly audit   '@unrs/resolver-binding-win32-x64-msvc': [ '1.11.1' ],
16 silly audit   acorn: [ '8.16.0' ],
16 silly audit   'acorn-jsx': [ '5.3.2' ],
16 silly audit   ajv: [ '6.15.0' ],
16 silly audit   'ansi-styles': [ '4.3.0' ],
16 silly audit   argparse: [ '2.0.1' ],
16 silly audit   'aria-query': [ '5.3.2' ],
16 silly audit   'array-buffer-byte-length': [ '1.0.2' ],
16 silly audit   'array-includes': [ '3.1.9' ],
16 silly audit   'array.prototype.findlast': [ '1.2.5' ],
16 silly audit   'array.prototype.findlastindex': [ '1.2.6' ],
16 silly audit   'array.prototype.flat': [ '1.3.3' ],
16 silly audit   'array.prototype.flatmap': [ '1.3.3' ],
16 silly audit   'array.prototype.tosorted': [ '1.1.4' ],
16 silly audit   'arraybuffer.prototype.slice': [ '1.0.4' ],
16 silly audit   'ast-types-flow': [ '0.0.8' ],
16 silly audit   'async-function': [ '1.0.0' ],
16 silly audit   'available-typed-arrays': [ '1.0.7' ],
16 silly audit   'axe-core': [ '4.11.4' ],
16 silly audit   'axobject-query': [ '4.1.0' ],
16 silly audit   'baseline-browser-mapping': [ '2.10.30' ],
16 silly audit   braces: [ '3.0.3' ],
16 silly audit   browserslist: [ '4.28.2' ],
16 silly audit   c12: [ '3.1.0' ],
16 silly audit   'call-bind': [ '1.0.9' ],
16 silly audit   'call-bind-apply-helpers': [ '1.0.2' ],
16 silly audit   'call-bound': [ '1.0.4' ],
16 silly audit   callsites: [ '3.1.0' ],
16 silly audit   'caniuse-lite': [ '1.0.30001793' ],
16 silly audit   chalk: [ '4.1.2' ],
16 silly audit   chokidar: [ '4.0.3' ],
16 silly audit   citty: [ '0.1.6', '0.2.2' ],
16 silly audit   'client-only': [ '0.0.1' ],
16 silly audit   'color-convert': [ '2.0.1' ],
16 silly audit   'color-name': [ '1.1.4' ],
16 silly audit   'concat-map': [ '0.0.1' ],
16 silly audit   confbox: [ '0.2.4' ],
16 silly audit   consola: [ '3.4.2' ],
16 silly audit   'convert-source-map': [ '2.0.0' ],
16 silly audit   'cross-spawn': [ '7.0.6' ],
16 silly audit   csstype: [ '3.2.3' ],
16 silly audit   'damerau-levenshtein': [ '1.0.8' ],
16 silly audit   'data-view-buffer': [ '1.0.2' ],
16 silly audit   'data-view-byte-length': [ '1.0.2' ],
16 silly audit   'data-view-byte-offset': [ '1.0.1' ],
16 silly audit   debug: [ '4.4.3', '3.2.7' ],
16 silly audit   'deep-is': [ '0.1.4' ],
16 silly audit   'deepmerge-ts': [ '7.1.5' ],
16 silly audit   'define-data-property': [ '1.1.4' ],
16 silly audit   'define-properties': [ '1.2.1' ],
16 silly audit   defu: [ '6.1.7' ],
16 silly audit   destr: [ '2.0.5' ],
16 silly audit   'detect-libc': [ '2.1.2' ],
16 silly audit   doctrine: [ '2.1.0' ],
16 silly audit   dotenv: [ '16.6.1' ],
16 silly audit   'dunder-proto': [ '1.0.1' ],
16 silly audit   effect: [ '3.21.0' ],
16 silly audit   'electron-to-chromium': [ '1.5.357' ],
16 silly audit   'emoji-regex': [ '9.2.2' ],
16 silly audit   empathic: [ '2.0.0' ],
16 silly audit   'enhanced-resolve': [ '5.21.3' ],
16 silly audit   'es-abstract': [ '1.24.2' ],
16 silly audit   'es-define-property': [ '1.0.1' ],
16 silly audit   'es-errors': [ '1.3.0' ],
16 silly audit   'es-iterator-helpers': [ '1.3.2' ],
16 silly audit   'es-object-atoms': [ '1.1.1' ],
16 silly audit   'es-set-tostringtag': [ '2.1.0' ],
16 silly audit   'es-shim-unscopables': [ '1.1.0' ],
16 silly audit   'es-to-primitive': [ '1.3.0' ],
16 silly audit   escalade: [ '3.2.0' ],
16 silly audit   'escape-string-regexp': [ '4.0.0' ],
16 silly audit   eslint: [ '9.39.4' ],
16 silly audit   'eslint-config-next': [ '16.2.6' ],
16 silly audit   globals: [ '16.4.0', '14.0.0' ],
16 silly audit   'eslint-import-resolver-node': [ '0.3.10' ],
16 silly audit   'eslint-import-resolver-typescript': [ '3.10.1' ],
16 silly audit   'eslint-module-utils': [ '2.12.1' ],
16 silly audit   'eslint-plugin-import': [ '2.32.0' ],
16 silly audit   'eslint-plugin-jsx-a11y': [ '6.10.2' ],
16 silly audit   'eslint-plugin-react': [ '7.37.5' ],
16 silly audit   'eslint-plugin-react-hooks': [ '7.1.1' ],
16 silly audit   'eslint-scope': [ '8.4.0' ],
16 silly audit   espree: [ '10.4.0' ],
16 silly audit   esquery: [ '1.7.0' ],
16 silly audit   esrecurse: [ '4.3.0' ],
16 silly audit   estraverse: [ '5.3.0' ],
16 silly audit   esutils: [ '2.0.3' ],
16 silly audit   exsolve: [ '1.0.8' ],
16 silly audit   'fast-check': [ '3.23.2' ],
16 silly audit   'fast-deep-equal': [ '3.1.3' ],
16 silly audit   'fast-glob': [ '3.3.1' ],
16 silly audit   'glob-parent': [ '5.1.2', '6.0.2' ],
16 silly audit   'fast-json-stable-stringify': [ '2.1.0' ],
16 silly audit   'fast-levenshtein': [ '2.0.6' ],
16 silly audit   fastq: [ '1.20.1' ],
16 silly audit   'file-entry-cache': [ '8.0.0' ],
16 silly audit   'fill-range': [ '7.1.1' ],
16 silly audit   'find-up': [ '5.0.0' ],
16 silly audit   'flat-cache': [ '4.0.1' ],
16 silly audit   flatted: [ '3.4.2' ],
16 silly audit   'for-each': [ '0.3.5' ],
16 silly audit   'function-bind': [ '1.1.2' ],
16 silly audit   'function.prototype.name': [ '1.1.8' ],
16 silly audit   'functions-have-names': [ '1.2.3' ],
16 silly audit   'generator-function': [ '2.0.1' ],
16 silly audit   gensync: [ '1.0.0-beta.2' ],
16 silly audit   'get-intrinsic': [ '1.3.0' ],
16 silly audit   'get-proto': [ '1.0.1' ],
16 silly audit   'get-symbol-description': [ '1.1.0' ],
16 silly audit   'get-tsconfig': [ '4.14.0' ],
16 silly audit   giget: [ '2.0.0' ],
16 silly audit   globalthis: [ '1.0.4' ],
16 silly audit   gopd: [ '1.2.0' ],
16 silly audit   'graceful-fs': [ '4.2.11' ],
16 silly audit   'has-bigints': [ '1.1.0' ],
16 silly audit   'has-flag': [ '4.0.0' ],
16 silly audit   'has-property-descriptors': [ '1.0.2' ],
16 silly audit   'has-proto': [ '1.2.0' ],
16 silly audit   'has-symbols': [ '1.1.0' ],
16 silly audit   'has-tostringtag': [ '1.0.2' ],
16 silly audit   hasown: [ '2.0.3' ],
16 silly audit   'hermes-estree': [ '0.25.1' ],
16 silly audit   'hermes-parser': [ '0.25.1' ],
16 silly audit   'import-fresh': [ '3.3.1' ],
16 silly audit   imurmurhash: [ '0.1.4' ],
16 silly audit   'internal-slot': [ '1.1.0' ],
16 silly audit   'is-array-buffer': [ '3.0.5' ],
16 silly audit   'is-async-function': [ '2.1.1' ],
16 silly audit   'is-bigint': [ '1.1.0' ],
16 silly audit   'is-boolean-object': [ '1.2.2' ],
16 silly audit   'is-bun-module': [ '2.0.0' ],
16 silly audit   'is-callable': [ '1.2.7' ],
16 silly audit   'is-core-module': [ '2.16.2' ],
16 silly audit   'is-data-view': [ '1.0.2' ],
16 silly audit   'is-date-object': [ '1.1.0' ],
16 silly audit   'is-extglob': [ '2.1.1' ],
16 silly audit   'is-finalizationregistry': [ '1.1.1' ],
16 silly audit   'is-generator-function': [ '1.1.2' ],
16 silly audit   'is-glob': [ '4.0.3' ],
16 silly audit   'is-map': [ '2.0.3' ],
16 silly audit   'is-negative-zero': [ '2.0.3' ],
16 silly audit   'is-number': [ '7.0.0' ],
16 silly audit   'is-number-object': [ '1.1.1' ],
16 silly audit   'is-regex': [ '1.2.1' ],
16 silly audit   'is-set': [ '2.0.3' ],
16 silly audit   'is-shared-array-buffer': [ '1.0.4' ],
16 silly audit   'is-string': [ '1.1.1' ],
16 silly audit   'is-symbol': [ '1.1.1' ],
16 silly audit   'is-typed-array': [ '1.1.15' ],
16 silly audit   'is-weakmap': [ '2.0.2' ],
16 silly audit   'is-weakref': [ '1.1.1' ],
16 silly audit   'is-weakset': [ '2.0.4' ],
16 silly audit   isarray: [ '2.0.5' ],
16 silly audit   isexe: [ '2.0.0' ],
16 silly audit   'iterator.prototype': [ '1.1.5' ],
16 silly audit   jiti: [ '2.7.0' ],
16 silly audit   'js-tokens': [ '4.0.0' ],
16 silly audit   'js-yaml': [ '4.1.1' ],
16 silly audit   jsesc: [ '3.1.0' ],
16 silly audit   'json-buffer': [ '3.0.1' ],
16 silly audit   'json-schema-traverse': [ '0.4.1' ],
16 silly audit   'json-stable-stringify-without-jsonify': [ '1.0.1' ],
16 silly audit   json5: [ '2.2.3', '1.0.2' ],
16 silly audit   'jsx-ast-utils': [ '3.3.5' ],
16 silly audit   keyv: [ '4.5.4' ],
16 silly audit   'language-subtag-registry': [ '0.3.23' ],
16 silly audit   'language-tags': [ '1.0.9' ],
16 silly audit   levn: [ '0.4.1' ],
16 silly audit   lightningcss: [ '1.32.0' ],
16 silly audit   'lightningcss-android-arm64': [ '1.32.0' ],
16 silly audit   'lightningcss-darwin-arm64': [ '1.32.0' ],
16 silly audit   'lightningcss-darwin-x64': [ '1.32.0' ],
16 silly audit   'lightningcss-freebsd-x64': [ '1.32.0' ],
16 silly audit   'lightningcss-linux-arm-gnueabihf': [ '1.32.0' ],
16 silly audit   'lightningcss-linux-arm64-gnu': [ '1.32.0' ],
16 silly audit   'lightningcss-linux-arm64-musl': [ '1.32.0' ],
16 silly audit   'lightningcss-linux-x64-gnu': [ '1.32.0' ],
16 silly audit   'lightningcss-linux-x64-musl': [ '1.32.0' ],
16 silly audit   'lightningcss-win32-arm64-msvc': [ '1.32.0' ],
16 silly audit   'lightningcss-win32-x64-msvc': [ '1.32.0' ],
16 silly audit   'locate-path': [ '6.0.0' ],
16 silly audit   'lodash.merge': [ '4.6.2' ],
16 silly audit   'loose-envify': [ '1.4.0' ],
16 silly audit   'lru-cache': [ '5.1.1' ],
16 silly audit   'magic-string': [ '0.30.21' ],
16 silly audit   'math-intrinsics': [ '1.1.0' ],
16 silly audit   merge2: [ '1.4.1' ],
16 silly audit   micromatch: [ '4.0.8' ],
16 silly audit   minimist: [ '1.2.8' ],
16 silly audit   ms: [ '2.1.3' ],
16 silly audit   nanoid: [ '3.3.12' ],
16 silly audit   'napi-postinstall': [ '0.3.4' ],
16 silly audit   'natural-compare': [ '1.4.0' ],
16 silly audit   next: [ '16.2.6' ],
16 silly audit   postcss: [ '8.4.31', '8.5.14' ],
16 silly audit   'node-exports-info': [ '1.6.0' ],
16 silly audit   'node-fetch-native': [ '1.6.7' ],
16 silly audit   'node-releases': [ '2.0.44' ],
16 silly audit   nypm: [ '0.6.6' ],
16 silly audit   'object-assign': [ '4.1.1' ],
16 silly audit   'object-inspect': [ '1.13.4' ],
16 silly audit   'object-keys': [ '1.1.1' ],
16 silly audit   'object.assign': [ '4.1.7' ],
16 silly audit   'object.entries': [ '1.1.9' ],
16 silly audit   'object.fromentries': [ '2.0.8' ],
16 silly audit   'object.groupby': [ '1.0.3' ],
16 silly audit   'object.values': [ '1.2.1' ],
16 silly audit   ohash: [ '2.0.11' ],
16 silly audit   optionator: [ '0.9.4' ],
16 silly audit   'own-keys': [ '1.0.1' ],
16 silly audit   'p-limit': [ '3.1.0' ],
16 silly audit   'p-locate': [ '5.0.0' ],
16 silly audit   'parent-module': [ '1.0.1' ],
16 silly audit   'path-exists': [ '4.0.0' ],
16 silly audit   'path-key': [ '3.1.1' ],
16 silly audit   'path-parse': [ '1.0.7' ],
16 silly audit   pathe: [ '2.0.3' ],
16 silly audit   'perfect-debounce': [ '1.0.0' ],
16 silly audit   picocolors: [ '1.1.1' ],
16 silly audit   picomatch: [ '2.3.2', '4.0.4' ],
16 silly audit   'pkg-types': [ '2.3.1' ],
16 silly audit   'possible-typed-array-names': [ '1.1.0' ],
16 silly audit   'prelude-ls': [ '1.2.1' ],
16 silly audit   prisma: [ '6.19.3' ],
16 silly audit   'prop-types': [ '15.8.1' ],
16 silly audit   punycode: [ '2.3.1' ],
16 silly audit   'pure-rand': [ '6.1.0' ],
16 silly audit   'queue-microtask': [ '1.2.3' ],
16 silly audit   rc9: [ '2.1.2' ],
16 silly audit   react: [ '19.2.4' ],
16 silly audit   'react-dom': [ '19.2.4' ],
16 silly audit   'react-is': [ '16.13.1' ],
16 silly audit   readdirp: [ '4.1.2' ],
16 silly audit   'reflect.getprototypeof': [ '1.0.10' ],
16 silly audit   'regexp.prototype.flags': [ '1.5.4' ],
16 silly audit   resolve: [ '2.0.0-next.7' ],
16 silly audit   'resolve-from': [ '4.0.0' ],
16 silly audit   'resolve-pkg-maps': [ '1.0.0' ],
16 silly audit   reusify: [ '1.1.0' ],
16 silly audit   'run-parallel': [ '1.2.0' ],
16 silly audit   'safe-array-concat': [ '1.1.4' ],
16 silly audit   'safe-push-apply': [ '1.0.0' ],
16 silly audit   'safe-regex-test': [ '1.1.0' ],
16 silly audit   scheduler: [ '0.27.0' ],
16 silly audit   'set-function-length': [ '1.2.2' ],
16 silly audit   'set-function-name': [ '2.0.2' ],
16 silly audit   'set-proto': [ '1.0.0' ],
16 silly audit   sharp: [ '0.34.5' ],
16 silly audit   'shebang-command': [ '2.0.0' ],
16 silly audit   'shebang-regex': [ '3.0.0' ],
16 silly audit   'side-channel': [ '1.1.0' ],
16 silly audit   'side-channel-list': [ '1.0.1' ],
16 silly audit   'side-channel-map': [ '1.0.1' ],
16 silly audit   'side-channel-weakmap': [ '1.0.2' ],
16 silly audit   'source-map-js': [ '1.2.1' ],
16 silly audit   'stable-hash': [ '0.0.5' ],
16 silly audit   'stop-iteration-iterator': [ '1.1.0' ],
16 silly audit   'string.prototype.includes': [ '2.0.1' ],
16 silly audit   'string.prototype.matchall': [ '4.0.12' ],
16 silly audit   'string.prototype.repeat': [ '1.0.0' ],
16 silly audit   'string.prototype.trim': [ '1.2.10' ],
16 silly audit   'string.prototype.trimend': [ '1.0.9' ],
16 silly audit   'string.prototype.trimstart': [ '1.0.8' ],
16 silly audit   'strip-bom': [ '3.0.0' ],
16 silly audit   'strip-json-comments': [ '3.1.1' ],
16 silly audit   'styled-jsx': [ '5.1.6' ],
16 silly audit   'supports-color': [ '7.2.0' ],
16 silly audit   'supports-preserve-symlinks-flag': [ '1.0.0' ],
16 silly audit   tailwindcss: [ '4.3.0' ],
16 silly audit   tapable: [ '2.3.3' ],
16 silly audit   tinyexec: [ '1.2.4' ],
16 silly audit   tinyglobby: [ '0.2.16' ],
16 silly audit   fdir: [ '6.5.0' ],
16 silly audit   'to-regex-range': [ '5.0.1' ],
16 silly audit   'ts-api-utils': [ '2.5.0' ],
16 silly audit   'tsconfig-paths': [ '3.15.0' ],
16 silly audit   tslib: [ '2.8.1' ],
16 silly audit   'type-check': [ '0.4.0' ],
16 silly audit   'typed-array-buffer': [ '1.0.3' ],
16 silly audit   'typed-array-byte-length': [ '1.0.3' ],
16 silly audit   'typed-array-byte-offset': [ '1.0.4' ],
16 silly audit   'typed-array-length': [ '1.0.7' ],
16 silly audit   typescript: [ '5.9.3' ],
16 silly audit   'typescript-eslint': [ '8.59.3' ],
16 silly audit   'unbox-primitive': [ '1.1.0' ],
16 silly audit   'undici-types': [ '6.21.0' ],
16 silly audit   'unrs-resolver': [ '1.11.1' ],
16 silly audit   'update-browserslist-db': [ '1.2.3' ],
16 silly audit   'uri-js': [ '4.4.1' ],
16 silly audit   which: [ '2.0.2' ],
16 silly audit   'which-boxed-primitive': [ '1.1.1' ],
16 silly audit   'which-builtin-type': [ '1.2.1' ],
16 silly audit   'which-collection': [ '1.0.2' ],
16 silly audit   'which-typed-array': [ '1.1.20' ],
16 silly audit   'word-wrap': [ '1.2.5' ],
16 silly audit   yallist: [ '3.1.1' ],
16 silly audit   'yocto-queue': [ '0.1.0' ],
16 silly audit   zod: [ '4.4.3' ],
16 silly audit   'zod-validation-error': [ '4.0.2' ]
16 silly audit }
17 verbose audit error FetchError: request to https://registry.npmmirror.com/-/npm/v1/security/advisories/bulk failed, reason: connect EACCES 112.48.174.28:443
17 verbose audit error     at ClientRequest.<anonymous> (D:\Program Files\nodejs\node_modules\npm\node_modules\minipass-fetch\lib\index.js:130:14)
17 verbose audit error     at ClientRequest.emit (node:events:509:28)
17 verbose audit error     at emitErrorEvent (node:_http_client:109:11)
17 verbose audit error     at _destroy (node:_http_client:993:9)
17 verbose audit error     at onSocketNT (node:_http_client:1013:5)
17 verbose audit error     at process.processTicksAndRejections (node:internal/process/task_queues:91:21) {
17 verbose audit error   code: 'EACCES',
17 verbose audit error   errno: 'EACCES',
17 verbose audit error   syscall: 'connect',
17 verbose audit error   address: '112.48.174.28',
17 verbose audit error   port: 443,
17 verbose audit error   type: 'system'
17 verbose audit error }
18 silly audit error undefined
19 silly audit report null
20 http cache zod@https://registry.npmmirror.com/zod/-/zod-4.4.3.tgz 1ms (cache hit)
21 http cache zod-validation-error@https://registry.npmmirror.com/zod-validation-error/-/zod-validation-error-4.0.2.tgz 0ms (cache hit)
22 http cache yocto-queue@https://registry.npmmirror.com/yocto-queue/-/yocto-queue-0.1.0.tgz 0ms (cache hit)
23 http cache yallist@https://registry.npmmirror.com/yallist/-/yallist-3.1.1.tgz 0ms (cache hit)
24 http cache which-collection@https://registry.npmmirror.com/which-collection/-/which-collection-1.0.2.tgz 0ms (cache hit)
25 http cache which-typed-array@https://registry.npmmirror.com/which-typed-array/-/which-typed-array-1.1.20.tgz 0ms (cache hit)
26 http cache word-wrap@https://registry.npmmirror.com/word-wrap/-/word-wrap-1.2.5.tgz 0ms (cache hit)
27 http cache which-builtin-type@https://registry.npmmirror.com/which-builtin-type/-/which-builtin-type-1.2.1.tgz 0ms (cache hit)
28 http cache which-boxed-primitive@https://registry.npmmirror.com/which-boxed-primitive/-/which-boxed-primitive-1.1.1.tgz 0ms (cache hit)
29 http cache which@https://registry.npmmirror.com/which/-/which-2.0.2.tgz 0ms (cache hit)
30 http cache uri-js@https://registry.npmmirror.com/uri-js/-/uri-js-4.4.1.tgz 0ms (cache hit)
31 http cache unrs-resolver@https://registry.npmmirror.com/unrs-resolver/-/unrs-resolver-1.11.1.tgz 0ms (cache hit)
32 http cache undici-types@https://registry.npmmirror.com/undici-types/-/undici-types-6.21.0.tgz 0ms (cache hit)
33 http cache unbox-primitive@https://registry.npmmirror.com/unbox-primitive/-/unbox-primitive-1.1.0.tgz 0ms (cache hit)
34 http cache typescript-eslint@https://registry.npmmirror.com/typescript-eslint/-/typescript-eslint-8.59.3.tgz 0ms (cache hit)
35 http cache update-browserslist-db@https://registry.npmmirror.com/update-browserslist-db/-/update-browserslist-db-1.2.3.tgz 0ms (cache hit)
36 http cache typescript@https://registry.npmmirror.com/typescript/-/typescript-5.9.3.tgz 0ms (cache hit)
37 http cache typed-array-byte-offset@https://registry.npmmirror.com/typed-array-byte-offset/-/typed-array-byte-offset-1.0.4.tgz 0ms (cache hit)
38 http cache typed-array-buffer@https://registry.npmmirror.com/typed-array-buffer/-/typed-array-buffer-1.0.3.tgz 0ms (cache hit)
39 http cache typed-array-length@https://registry.npmmirror.com/typed-array-length/-/typed-array-length-1.0.7.tgz 0ms (cache hit)
40 http cache typed-array-byte-length@https://registry.npmmirror.com/typed-array-byte-length/-/typed-array-byte-length-1.0.3.tgz 0ms (cache hit)
41 http cache tslib@https://registry.npmmirror.com/tslib/-/tslib-2.8.1.tgz 0ms (cache hit)
42 http cache type-check@https://registry.npmmirror.com/type-check/-/type-check-0.4.0.tgz 0ms (cache hit)
43 http cache ts-api-utils@https://registry.npmmirror.com/ts-api-utils/-/ts-api-utils-2.5.0.tgz 0ms (cache hit)
44 http cache tailwindcss@https://registry.npmmirror.com/tailwindcss/-/tailwindcss-4.3.0.tgz 0ms (cache hit)
45 http cache to-regex-range@https://registry.npmmirror.com/to-regex-range/-/to-regex-range-5.0.1.tgz 0ms (cache hit)
46 http cache tapable@https://registry.npmmirror.com/tapable/-/tapable-2.3.3.tgz 0ms (cache hit)
47 http cache tsconfig-paths@https://registry.npmmirror.com/tsconfig-paths/-/tsconfig-paths-3.15.0.tgz 0ms (cache hit)
48 http cache supports-preserve-symlinks-flag@https://registry.npmmirror.com/supports-preserve-symlinks-flag/-/supports-preserve-symlinks-flag-1.0.0.tgz 0ms (cache hit)
49 http cache tinyglobby@https://registry.npmmirror.com/tinyglobby/-/tinyglobby-0.2.16.tgz 0ms (cache hit)
50 http cache supports-color@https://registry.npmmirror.com/supports-color/-/supports-color-7.2.0.tgz 0ms (cache hit)
51 http cache tinyexec@https://registry.npmmirror.com/tinyexec/-/tinyexec-1.2.4.tgz 0ms (cache hit)
52 http cache strip-json-comments@https://registry.npmmirror.com/strip-json-comments/-/strip-json-comments-3.1.1.tgz 0ms (cache hit)
53 http cache string.prototype.trimstart@https://registry.npmmirror.com/string.prototype.trimstart/-/string.prototype.trimstart-1.0.8.tgz 0ms (cache hit)
54 http cache strip-bom@https://registry.npmmirror.com/strip-bom/-/strip-bom-3.0.0.tgz 0ms (cache hit)
55 http cache string.prototype.trimend@https://registry.npmmirror.com/string.prototype.trimend/-/string.prototype.trimend-1.0.9.tgz 0ms (cache hit)
56 http cache string.prototype.matchall@https://registry.npmmirror.com/string.prototype.matchall/-/string.prototype.matchall-4.0.12.tgz 0ms (cache hit)
57 http cache stop-iteration-iterator@https://registry.npmmirror.com/stop-iteration-iterator/-/stop-iteration-iterator-1.1.0.tgz 0ms (cache hit)
58 http cache string.prototype.repeat@https://registry.npmmirror.com/string.prototype.repeat/-/string.prototype.repeat-1.0.0.tgz 0ms (cache hit)
59 http cache stable-hash@https://registry.npmmirror.com/stable-hash/-/stable-hash-0.0.5.tgz 0ms (cache hit)
60 http cache string.prototype.trim@https://registry.npmmirror.com/string.prototype.trim/-/string.prototype.trim-1.2.10.tgz 0ms (cache hit)
61 http cache styled-jsx@https://registry.npmmirror.com/styled-jsx/-/styled-jsx-5.1.6.tgz 0ms (cache hit)
62 http cache string.prototype.includes@https://registry.npmmirror.com/string.prototype.includes/-/string.prototype.includes-2.0.1.tgz 0ms (cache hit)
63 http cache source-map-js@https://registry.npmmirror.com/source-map-js/-/source-map-js-1.2.1.tgz 0ms (cache hit)
64 http cache side-channel-map@https://registry.npmmirror.com/side-channel-map/-/side-channel-map-1.0.1.tgz 0ms (cache hit)
65 http cache side-channel-list@https://registry.npmmirror.com/side-channel-list/-/side-channel-list-1.0.1.tgz 0ms (cache hit)
66 http cache shebang-regex@https://registry.npmmirror.com/shebang-regex/-/shebang-regex-3.0.0.tgz 0ms (cache hit)
67 http cache side-channel@https://registry.npmmirror.com/side-channel/-/side-channel-1.1.0.tgz 0ms (cache hit)
68 http cache sharp@https://registry.npmmirror.com/sharp/-/sharp-0.34.5.tgz 0ms (cache hit)
69 http cache set-proto@https://registry.npmmirror.com/set-proto/-/set-proto-1.0.0.tgz 0ms (cache hit)
70 http cache side-channel-weakmap@https://registry.npmmirror.com/side-channel-weakmap/-/side-channel-weakmap-1.0.2.tgz 0ms (cache hit)
71 http cache set-function-length@https://registry.npmmirror.com/set-function-length/-/set-function-length-1.2.2.tgz 0ms (cache hit)
72 http cache shebang-command@https://registry.npmmirror.com/shebang-command/-/shebang-command-2.0.0.tgz 0ms (cache hit)
73 http cache scheduler@https://registry.npmmirror.com/scheduler/-/scheduler-0.27.0.tgz 0ms (cache hit)
74 http cache set-function-name@https://registry.npmmirror.com/set-function-name/-/set-function-name-2.0.2.tgz 0ms (cache hit)
75 http cache semver@https://registry.npmmirror.com/semver/-/semver-6.3.1.tgz 0ms (cache hit)
76 http cache safe-array-concat@https://registry.npmmirror.com/safe-array-concat/-/safe-array-concat-1.1.4.tgz 0ms (cache hit)
77 http cache run-parallel@https://registry.npmmirror.com/run-parallel/-/run-parallel-1.2.0.tgz 0ms (cache hit)
78 http cache safe-regex-test@https://registry.npmmirror.com/safe-regex-test/-/safe-regex-test-1.1.0.tgz 0ms (cache hit)
79 http cache reusify@https://registry.npmmirror.com/reusify/-/reusify-1.1.0.tgz 0ms (cache hit)
80 http cache resolve-from@https://registry.npmmirror.com/resolve-from/-/resolve-from-4.0.0.tgz 0ms (cache hit)
81 http cache regexp.prototype.flags@https://registry.npmmirror.com/regexp.prototype.flags/-/regexp.prototype.flags-1.5.4.tgz 0ms (cache hit)
82 http cache resolve@https://registry.npmmirror.com/resolve/-/resolve-2.0.0-next.7.tgz 0ms (cache hit)
83 http cache safe-push-apply@https://registry.npmmirror.com/safe-push-apply/-/safe-push-apply-1.0.0.tgz 0ms (cache hit)
84 http cache resolve-pkg-maps@https://registry.npmmirror.com/resolve-pkg-maps/-/resolve-pkg-maps-1.0.0.tgz 0ms (cache hit)
85 http cache readdirp@https://registry.npmmirror.com/readdirp/-/readdirp-4.1.2.tgz 0ms (cache hit)
86 http cache reflect.getprototypeof@https://registry.npmmirror.com/reflect.getprototypeof/-/reflect.getprototypeof-1.0.10.tgz 0ms (cache hit)
87 http cache react-dom@https://registry.npmmirror.com/react-dom/-/react-dom-19.2.4.tgz 0ms (cache hit)
88 http cache react-is@https://registry.npmmirror.com/react-is/-/react-is-16.13.1.tgz 0ms (cache hit)
89 http cache react@https://registry.npmmirror.com/react/-/react-19.2.4.tgz 0ms (cache hit)
90 http cache rc9@https://registry.npmmirror.com/rc9/-/rc9-2.1.2.tgz 0ms (cache hit)
91 http cache queue-microtask@https://registry.npmmirror.com/queue-microtask/-/queue-microtask-1.2.3.tgz 0ms (cache hit)
92 http cache pure-rand@https://registry.npmmirror.com/pure-rand/-/pure-rand-6.1.0.tgz 0ms (cache hit)
93 http cache punycode@https://registry.npmmirror.com/punycode/-/punycode-2.3.1.tgz 0ms (cache hit)
94 http cache possible-typed-array-names@https://registry.npmmirror.com/possible-typed-array-names/-/possible-typed-array-names-1.1.0.tgz 0ms (cache hit)
95 http cache postcss@https://registry.npmmirror.com/postcss/-/postcss-8.5.14.tgz 0ms (cache hit)
96 http cache prisma@https://registry.npmmirror.com/prisma/-/prisma-6.19.3.tgz 0ms (cache hit)
97 http cache prelude-ls@https://registry.npmmirror.com/prelude-ls/-/prelude-ls-1.2.1.tgz 0ms (cache hit)
98 http cache prop-types@https://registry.npmmirror.com/prop-types/-/prop-types-15.8.1.tgz 0ms (cache hit)
99 http cache pkg-types@https://registry.npmmirror.com/pkg-types/-/pkg-types-2.3.1.tgz 0ms (cache hit)
100 http cache picocolors@https://registry.npmmirror.com/picocolors/-/picocolors-1.1.1.tgz 0ms (cache hit)
101 http cache perfect-debounce@https://registry.npmmirror.com/perfect-debounce/-/perfect-debounce-1.0.0.tgz 0ms (cache hit)
102 http cache picomatch@https://registry.npmmirror.com/picomatch/-/picomatch-2.3.2.tgz 0ms (cache hit)
103 http cache path-exists@https://registry.npmmirror.com/path-exists/-/path-exists-4.0.0.tgz 0ms (cache hit)
104 http cache pathe@https://registry.npmmirror.com/pathe/-/pathe-2.0.3.tgz 0ms (cache hit)
105 http cache path-key@https://registry.npmmirror.com/path-key/-/path-key-3.1.1.tgz 0ms (cache hit)
106 http cache path-parse@https://registry.npmmirror.com/path-parse/-/path-parse-1.0.7.tgz 0ms (cache hit)
107 http cache parent-module@https://registry.npmmirror.com/parent-module/-/parent-module-1.0.1.tgz 0ms (cache hit)
108 http cache own-keys@https://registry.npmmirror.com/own-keys/-/own-keys-1.0.1.tgz 0ms (cache hit)
109 http cache optionator@https://registry.npmmirror.com/optionator/-/optionator-0.9.4.tgz 0ms (cache hit)
110 http cache p-limit@https://registry.npmmirror.com/p-limit/-/p-limit-3.1.0.tgz 0ms (cache hit)
111 http cache ohash@https://registry.npmmirror.com/ohash/-/ohash-2.0.11.tgz 0ms (cache hit)
112 http cache object.values@https://registry.npmmirror.com/object.values/-/object.values-1.2.1.tgz 0ms (cache hit)
113 http cache p-locate@https://registry.npmmirror.com/p-locate/-/p-locate-5.0.0.tgz 0ms (cache hit)
114 http cache object.groupby@https://registry.npmmirror.com/object.groupby/-/object.groupby-1.0.3.tgz 0ms (cache hit)
115 http cache object.assign@https://registry.npmmirror.com/object.assign/-/object.assign-4.1.7.tgz 0ms (cache hit)
116 http cache object.fromentries@https://registry.npmmirror.com/object.fromentries/-/object.fromentries-2.0.8.tgz 0ms (cache hit)
117 http cache object-inspect@https://registry.npmmirror.com/object-inspect/-/object-inspect-1.13.4.tgz 0ms (cache hit)
118 http cache object.entries@https://registry.npmmirror.com/object.entries/-/object.entries-1.1.9.tgz 0ms (cache hit)
119 http cache object-keys@https://registry.npmmirror.com/object-keys/-/object-keys-1.1.1.tgz 0ms (cache hit)
120 http cache object-assign@https://registry.npmmirror.com/object-assign/-/object-assign-4.1.1.tgz 0ms (cache hit)
121 http cache node-releases@https://registry.npmmirror.com/node-releases/-/node-releases-2.0.44.tgz 0ms (cache hit)
122 http cache node-fetch-native@https://registry.npmmirror.com/node-fetch-native/-/node-fetch-native-1.6.7.tgz 0ms (cache hit)
123 http cache next@https://registry.npmmirror.com/next/-/next-16.2.6.tgz 0ms (cache hit)
124 http cache natural-compare@https://registry.npmmirror.com/natural-compare/-/natural-compare-1.4.0.tgz 0ms (cache hit)
125 http cache nypm@https://registry.npmmirror.com/nypm/-/nypm-0.6.6.tgz 0ms (cache hit)
126 http cache nanoid@https://registry.npmmirror.com/nanoid/-/nanoid-3.3.12.tgz 0ms (cache hit)
127 http cache node-exports-info@https://registry.npmmirror.com/node-exports-info/-/node-exports-info-1.6.0.tgz 0ms (cache hit)
128 http cache napi-postinstall@https://registry.npmmirror.com/napi-postinstall/-/napi-postinstall-0.3.4.tgz 0ms (cache hit)
129 http cache ms@https://registry.npmmirror.com/ms/-/ms-2.1.3.tgz 0ms (cache hit)
130 http cache math-intrinsics@https://registry.npmmirror.com/math-intrinsics/-/math-intrinsics-1.1.0.tgz 0ms (cache hit)
131 http cache minimatch@https://registry.npmmirror.com/minimatch/-/minimatch-3.1.5.tgz 0ms (cache hit)
132 http cache micromatch@https://registry.npmmirror.com/micromatch/-/micromatch-4.0.8.tgz 0ms (cache hit)
133 http cache minimist@https://registry.npmmirror.com/minimist/-/minimist-1.2.8.tgz 0ms (cache hit)
134 http cache magic-string@https://registry.npmmirror.com/magic-string/-/magic-string-0.30.21.tgz 0ms (cache hit)
135 http cache merge2@https://registry.npmmirror.com/merge2/-/merge2-1.4.1.tgz 0ms (cache hit)
136 http cache lru-cache@https://registry.npmmirror.com/lru-cache/-/lru-cache-5.1.1.tgz 1ms (cache hit)
137 http cache lodash.merge@https://registry.npmmirror.com/lodash.merge/-/lodash.merge-4.6.2.tgz 0ms (cache hit)
138 http cache loose-envify@https://registry.npmmirror.com/loose-envify/-/loose-envify-1.4.0.tgz 0ms (cache hit)
139 http cache locate-path@https://registry.npmmirror.com/locate-path/-/locate-path-6.0.0.tgz 0ms (cache hit)
140 http cache lightningcss-win32-x64-msvc@https://registry.npmmirror.com/lightningcss-win32-x64-msvc/-/lightningcss-win32-x64-msvc-1.32.0.tgz 0ms (cache hit)
141 http cache language-tags@https://registry.npmmirror.com/language-tags/-/language-tags-1.0.9.tgz 0ms (cache hit)
142 http cache lightningcss@https://registry.npmmirror.com/lightningcss/-/lightningcss-1.32.0.tgz 0ms (cache hit)
143 http cache language-subtag-registry@https://registry.npmmirror.com/language-subtag-registry/-/language-subtag-registry-0.3.23.tgz 0ms (cache hit)
144 http cache levn@https://registry.npmmirror.com/levn/-/levn-0.4.1.tgz 0ms (cache hit)
145 http cache keyv@https://registry.npmmirror.com/keyv/-/keyv-4.5.4.tgz 0ms (cache hit)
146 http cache json-stable-stringify-without-jsonify@https://registry.npmmirror.com/json-stable-stringify-without-jsonify/-/json-stable-stringify-without-jsonify-1.0.1.tgz 0ms (cache hit)
147 http cache json5@https://registry.npmmirror.com/json5/-/json5-2.2.3.tgz 0ms (cache hit)
148 http cache js-yaml@https://registry.npmmirror.com/js-yaml/-/js-yaml-4.1.1.tgz 0ms (cache hit)
149 http cache jsx-ast-utils@https://registry.npmmirror.com/jsx-ast-utils/-/jsx-ast-utils-3.3.5.tgz 0ms (cache hit)
150 http cache jsesc@https://registry.npmmirror.com/jsesc/-/jsesc-3.1.0.tgz 0ms (cache hit)
151 http cache json-buffer@https://registry.npmmirror.com/json-buffer/-/json-buffer-3.0.1.tgz 0ms (cache hit)
152 http cache json-schema-traverse@https://registry.npmmirror.com/json-schema-traverse/-/json-schema-traverse-0.4.1.tgz 0ms (cache hit)
153 http cache js-tokens@https://registry.npmmirror.com/js-tokens/-/js-tokens-4.0.0.tgz 0ms (cache hit)
154 http cache jiti@https://registry.npmmirror.com/jiti/-/jiti-2.7.0.tgz 0ms (cache hit)
155 http cache isarray@https://registry.npmmirror.com/isarray/-/isarray-2.0.5.tgz 0ms (cache hit)
156 http cache iterator.prototype@https://registry.npmmirror.com/iterator.prototype/-/iterator.prototype-1.1.5.tgz 0ms (cache hit)
157 http cache is-weakset@https://registry.npmmirror.com/is-weakset/-/is-weakset-2.0.4.tgz 0ms (cache hit)
158 http cache isexe@https://registry.npmmirror.com/isexe/-/isexe-2.0.0.tgz 0ms (cache hit)
159 http cache is-weakref@https://registry.npmmirror.com/is-weakref/-/is-weakref-1.1.1.tgz 0ms (cache hit)
160 http cache is-typed-array@https://registry.npmmirror.com/is-typed-array/-/is-typed-array-1.1.15.tgz 0ms (cache hit)
161 http cache is-symbol@https://registry.npmmirror.com/is-symbol/-/is-symbol-1.1.1.tgz 0ms (cache hit)
162 http cache is-string@https://registry.npmmirror.com/is-string/-/is-string-1.1.1.tgz 0ms (cache hit)
163 http cache is-weakmap@https://registry.npmmirror.com/is-weakmap/-/is-weakmap-2.0.2.tgz 0ms (cache hit)
164 http cache is-regex@https://registry.npmmirror.com/is-regex/-/is-regex-1.2.1.tgz 0ms (cache hit)
165 http cache is-set@https://registry.npmmirror.com/is-set/-/is-set-2.0.3.tgz 0ms (cache hit)
166 http cache is-shared-array-buffer@https://registry.npmmirror.com/is-shared-array-buffer/-/is-shared-array-buffer-1.0.4.tgz 0ms (cache hit)
167 http cache is-number-object@https://registry.npmmirror.com/is-number-object/-/is-number-object-1.1.1.tgz 0ms (cache hit)
168 http cache is-number@https://registry.npmmirror.com/is-number/-/is-number-7.0.0.tgz 0ms (cache hit)
169 http cache is-glob@https://registry.npmmirror.com/is-glob/-/is-glob-4.0.3.tgz 0ms (cache hit)
170 http cache is-negative-zero@https://registry.npmmirror.com/is-negative-zero/-/is-negative-zero-2.0.3.tgz 0ms (cache hit)
171 http cache is-generator-function@https://registry.npmmirror.com/is-generator-function/-/is-generator-function-1.1.2.tgz 0ms (cache hit)
172 http cache is-data-view@https://registry.npmmirror.com/is-data-view/-/is-data-view-1.0.2.tgz 0ms (cache hit)
173 http cache is-extglob@https://registry.npmmirror.com/is-extglob/-/is-extglob-2.1.1.tgz 0ms (cache hit)
174 http cache is-map@https://registry.npmmirror.com/is-map/-/is-map-2.0.3.tgz 0ms (cache hit)
175 http cache is-finalizationregistry@https://registry.npmmirror.com/is-finalizationregistry/-/is-finalizationregistry-1.1.1.tgz 0ms (cache hit)
176 http cache is-callable@https://registry.npmmirror.com/is-callable/-/is-callable-1.2.7.tgz 0ms (cache hit)
177 http cache is-core-module@https://registry.npmmirror.com/is-core-module/-/is-core-module-2.16.2.tgz 0ms (cache hit)
178 http cache is-date-object@https://registry.npmmirror.com/is-date-object/-/is-date-object-1.1.0.tgz 0ms (cache hit)
179 http cache is-bigint@https://registry.npmmirror.com/is-bigint/-/is-bigint-1.1.0.tgz 0ms (cache hit)
180 http cache is-boolean-object@https://registry.npmmirror.com/is-boolean-object/-/is-boolean-object-1.2.2.tgz 0ms (cache hit)
181 http cache is-bun-module@https://registry.npmmirror.com/is-bun-module/-/is-bun-module-2.0.0.tgz 0ms (cache hit)
182 http cache imurmurhash@https://registry.npmmirror.com/imurmurhash/-/imurmurhash-0.1.4.tgz 0ms (cache hit)
183 http cache import-fresh@https://registry.npmmirror.com/import-fresh/-/import-fresh-3.3.1.tgz 0ms (cache hit)
184 http cache internal-slot@https://registry.npmmirror.com/internal-slot/-/internal-slot-1.1.0.tgz 0ms (cache hit)
185 http cache hermes-parser@https://registry.npmmirror.com/hermes-parser/-/hermes-parser-0.25.1.tgz 0ms (cache hit)
186 http cache ignore@https://registry.npmmirror.com/ignore/-/ignore-5.3.2.tgz 0ms (cache hit)
187 http cache is-async-function@https://registry.npmmirror.com/is-async-function/-/is-async-function-2.1.1.tgz 0ms (cache hit)
188 http cache is-array-buffer@https://registry.npmmirror.com/is-array-buffer/-/is-array-buffer-3.0.5.tgz 0ms (cache hit)
189 http cache hasown@https://registry.npmmirror.com/hasown/-/hasown-2.0.3.tgz 0ms (cache hit)
190 http cache has-symbols@https://registry.npmmirror.com/has-symbols/-/has-symbols-1.1.0.tgz 0ms (cache hit)
191 http cache hermes-estree@https://registry.npmmirror.com/hermes-estree/-/hermes-estree-0.25.1.tgz 0ms (cache hit)
192 http cache has-tostringtag@https://registry.npmmirror.com/has-tostringtag/-/has-tostringtag-1.0.2.tgz 0ms (cache hit)
193 http cache has-proto@https://registry.npmmirror.com/has-proto/-/has-proto-1.2.0.tgz 0ms (cache hit)
194 http cache has-property-descriptors@https://registry.npmmirror.com/has-property-descriptors/-/has-property-descriptors-1.0.2.tgz 0ms (cache hit)
195 http cache graceful-fs@https://registry.npmmirror.com/graceful-fs/-/graceful-fs-4.2.11.tgz 0ms (cache hit)
196 http cache has-bigints@https://registry.npmmirror.com/has-bigints/-/has-bigints-1.1.0.tgz 0ms (cache hit)
197 http cache has-flag@https://registry.npmmirror.com/has-flag/-/has-flag-4.0.0.tgz 0ms (cache hit)
198 http cache globalthis@https://registry.npmmirror.com/globalthis/-/globalthis-1.0.4.tgz 0ms (cache hit)
199 http cache gopd@https://registry.npmmirror.com/gopd/-/gopd-1.2.0.tgz 0ms (cache hit)
200 http cache globals@https://registry.npmmirror.com/globals/-/globals-14.0.0.tgz 0ms (cache hit)
201 http cache giget@https://registry.npmmirror.com/giget/-/giget-2.0.0.tgz 0ms (cache hit)
202 http cache get-tsconfig@https://registry.npmmirror.com/get-tsconfig/-/get-tsconfig-4.14.0.tgz 0ms (cache hit)
203 http cache glob-parent@https://registry.npmmirror.com/glob-parent/-/glob-parent-6.0.2.tgz 0ms (cache hit)
204 http cache get-symbol-description@https://registry.npmmirror.com/get-symbol-description/-/get-symbol-description-1.1.0.tgz 0ms (cache hit)
205 http cache gensync@https://registry.npmmirror.com/gensync/-/gensync-1.0.0-beta.2.tgz 0ms (cache hit)
206 http cache get-proto@https://registry.npmmirror.com/get-proto/-/get-proto-1.0.1.tgz 0ms (cache hit)
207 http cache get-intrinsic@https://registry.npmmirror.com/get-intrinsic/-/get-intrinsic-1.3.0.tgz 0ms (cache hit)
208 http cache functions-have-names@https://registry.npmmirror.com/functions-have-names/-/functions-have-names-1.2.3.tgz 0ms (cache hit)
209 http cache function.prototype.name@https://registry.npmmirror.com/function.prototype.name/-/function.prototype.name-1.1.8.tgz 0ms (cache hit)
210 http cache for-each@https://registry.npmmirror.com/for-each/-/for-each-0.3.5.tgz 0ms (cache hit)
211 http cache function-bind@https://registry.npmmirror.com/function-bind/-/function-bind-1.1.2.tgz 0ms (cache hit)
212 http cache generator-function@https://registry.npmmirror.com/generator-function/-/generator-function-2.0.1.tgz 0ms (cache hit)
213 http cache flat-cache@https://registry.npmmirror.com/flat-cache/-/flat-cache-4.0.1.tgz 0ms (cache hit)
214 http cache fastq@https://registry.npmmirror.com/fastq/-/fastq-1.20.1.tgz 0ms (cache hit)
215 http cache fill-range@https://registry.npmmirror.com/fill-range/-/fill-range-7.1.1.tgz 0ms (cache hit)
216 http cache flatted@https://registry.npmmirror.com/flatted/-/flatted-3.4.2.tgz 0ms (cache hit)
217 http cache file-entry-cache@https://registry.npmmirror.com/file-entry-cache/-/file-entry-cache-8.0.0.tgz 0ms (cache hit)
218 http cache find-up@https://registry.npmmirror.com/find-up/-/find-up-5.0.0.tgz 0ms (cache hit)
219 http cache fast-levenshtein@https://registry.npmmirror.com/fast-levenshtein/-/fast-levenshtein-2.0.6.tgz 0ms (cache hit)
220 http cache fast-glob@https://registry.npmmirror.com/fast-glob/-/fast-glob-3.3.1.tgz 0ms (cache hit)
221 http cache fast-deep-equal@https://registry.npmmirror.com/fast-deep-equal/-/fast-deep-equal-3.1.3.tgz 0ms (cache hit)
222 http cache fast-json-stable-stringify@https://registry.npmmirror.com/fast-json-stable-stringify/-/fast-json-stable-stringify-2.1.0.tgz 0ms (cache hit)
223 http cache fast-check@https://registry.npmmirror.com/fast-check/-/fast-check-3.23.2.tgz 0ms (cache hit)
224 http cache exsolve@https://registry.npmmirror.com/exsolve/-/exsolve-1.0.8.tgz 0ms (cache hit)
225 http cache esquery@https://registry.npmmirror.com/esquery/-/esquery-1.7.0.tgz 0ms (cache hit)
226 http cache esrecurse@https://registry.npmmirror.com/esrecurse/-/esrecurse-4.3.0.tgz 0ms (cache hit)
227 http cache esutils@https://registry.npmmirror.com/esutils/-/esutils-2.0.3.tgz 0ms (cache hit)
228 http cache estraverse@https://registry.npmmirror.com/estraverse/-/estraverse-5.3.0.tgz 0ms (cache hit)
229 http cache espree@https://registry.npmmirror.com/espree/-/espree-10.4.0.tgz 0ms (cache hit)
230 http cache eslint-scope@https://registry.npmmirror.com/eslint-scope/-/eslint-scope-8.4.0.tgz 0ms (cache hit)
231 http cache eslint-plugin-jsx-a11y@https://registry.npmmirror.com/eslint-plugin-jsx-a11y/-/eslint-plugin-jsx-a11y-6.10.2.tgz 0ms (cache hit)
232 http cache eslint-plugin-react-hooks@https://registry.npmmirror.com/eslint-plugin-react-hooks/-/eslint-plugin-react-hooks-7.1.1.tgz 0ms (cache hit)
233 http cache eslint-plugin-react@https://registry.npmmirror.com/eslint-plugin-react/-/eslint-plugin-react-7.37.5.tgz 0ms (cache hit)
234 http cache eslint-visitor-keys@https://registry.npmmirror.com/eslint-visitor-keys/-/eslint-visitor-keys-4.2.1.tgz 0ms (cache hit)
235 http cache eslint-plugin-import@https://registry.npmmirror.com/eslint-plugin-import/-/eslint-plugin-import-2.32.0.tgz 0ms (cache hit)
236 http cache eslint-module-utils@https://registry.npmmirror.com/eslint-module-utils/-/eslint-module-utils-2.12.1.tgz 0ms (cache hit)
237 http cache eslint-config-next@https://registry.npmmirror.com/eslint-config-next/-/eslint-config-next-16.2.6.tgz 0ms (cache hit)
238 http cache eslint-import-resolver-node@https://registry.npmmirror.com/eslint-import-resolver-node/-/eslint-import-resolver-node-0.3.10.tgz 0ms (cache hit)
239 http cache eslint-import-resolver-typescript@https://registry.npmmirror.com/eslint-import-resolver-typescript/-/eslint-import-resolver-typescript-3.10.1.tgz 0ms (cache hit)
240 http cache escape-string-regexp@https://registry.npmmirror.com/escape-string-regexp/-/escape-string-regexp-4.0.0.tgz 0ms (cache hit)
241 http cache escalade@https://registry.npmmirror.com/escalade/-/escalade-3.2.0.tgz 0ms (cache hit)
242 http cache es-to-primitive@https://registry.npmmirror.com/es-to-primitive/-/es-to-primitive-1.3.0.tgz 0ms (cache hit)
243 http cache eslint@https://registry.npmmirror.com/eslint/-/eslint-9.39.4.tgz 0ms (cache hit)
244 http cache es-shim-unscopables@https://registry.npmmirror.com/es-shim-unscopables/-/es-shim-unscopables-1.1.0.tgz 0ms (cache hit)
245 http cache es-set-tostringtag@https://registry.npmmirror.com/es-set-tostringtag/-/es-set-tostringtag-2.1.0.tgz 0ms (cache hit)
246 http cache es-iterator-helpers@https://registry.npmmirror.com/es-iterator-helpers/-/es-iterator-helpers-1.3.2.tgz 0ms (cache hit)
247 http cache es-object-atoms@https://registry.npmmirror.com/es-object-atoms/-/es-object-atoms-1.1.1.tgz 0ms (cache hit)
248 http cache es-define-property@https://registry.npmmirror.com/es-define-property/-/es-define-property-1.0.1.tgz 0ms (cache hit)
249 http cache es-errors@https://registry.npmmirror.com/es-errors/-/es-errors-1.3.0.tgz 0ms (cache hit)
250 http cache enhanced-resolve@https://registry.npmmirror.com/enhanced-resolve/-/enhanced-resolve-5.21.3.tgz 0ms (cache hit)
251 http cache empathic@https://registry.npmmirror.com/empathic/-/empathic-2.0.0.tgz 0ms (cache hit)
252 http cache emoji-regex@https://registry.npmmirror.com/emoji-regex/-/emoji-regex-9.2.2.tgz 0ms (cache hit)
253 http cache electron-to-chromium@https://registry.npmmirror.com/electron-to-chromium/-/electron-to-chromium-1.5.357.tgz 0ms (cache hit)
254 http cache effect@https://registry.npmmirror.com/effect/-/effect-3.21.0.tgz 0ms (cache hit)
255 http cache dunder-proto@https://registry.npmmirror.com/dunder-proto/-/dunder-proto-1.0.1.tgz 0ms (cache hit)
256 http cache dotenv@https://registry.npmmirror.com/dotenv/-/dotenv-16.6.1.tgz 0ms (cache hit)
257 http cache doctrine@https://registry.npmmirror.com/doctrine/-/doctrine-2.1.0.tgz 0ms (cache hit)
258 http cache destr@https://registry.npmmirror.com/destr/-/destr-2.0.5.tgz 0ms (cache hit)
259 http cache define-properties@https://registry.npmmirror.com/define-properties/-/define-properties-1.2.1.tgz 0ms (cache hit)
260 http cache detect-libc@https://registry.npmmirror.com/detect-libc/-/detect-libc-2.1.2.tgz 0ms (cache hit)
261 http cache defu@https://registry.npmmirror.com/defu/-/defu-6.1.7.tgz 0ms (cache hit)
262 http cache define-data-property@https://registry.npmmirror.com/define-data-property/-/define-data-property-1.1.4.tgz 0ms (cache hit)
263 http cache deepmerge-ts@https://registry.npmmirror.com/deepmerge-ts/-/deepmerge-ts-7.1.5.tgz 0ms (cache hit)
264 http cache deep-is@https://registry.npmmirror.com/deep-is/-/deep-is-0.1.4.tgz 0ms (cache hit)
265 http cache debug@https://registry.npmmirror.com/debug/-/debug-4.4.3.tgz 0ms (cache hit)
266 http cache data-view-byte-offset@https://registry.npmmirror.com/data-view-byte-offset/-/data-view-byte-offset-1.0.1.tgz 0ms (cache hit)
267 http cache es-abstract@https://registry.npmmirror.com/es-abstract/-/es-abstract-1.24.2.tgz 0ms (cache hit)
268 http cache data-view-byte-length@https://registry.npmmirror.com/data-view-byte-length/-/data-view-byte-length-1.0.2.tgz 0ms (cache hit)
269 http cache data-view-buffer@https://registry.npmmirror.com/data-view-buffer/-/data-view-buffer-1.0.2.tgz 0ms (cache hit)
270 http cache csstype@https://registry.npmmirror.com/csstype/-/csstype-3.2.3.tgz 0ms (cache hit)
271 http cache cross-spawn@https://registry.npmmirror.com/cross-spawn/-/cross-spawn-7.0.6.tgz 0ms (cache hit)
272 http cache convert-source-map@https://registry.npmmirror.com/convert-source-map/-/convert-source-map-2.0.0.tgz 0ms (cache hit)
273 http cache consola@https://registry.npmmirror.com/consola/-/consola-3.4.2.tgz 0ms (cache hit)
274 http cache confbox@https://registry.npmmirror.com/confbox/-/confbox-0.2.4.tgz 0ms (cache hit)
275 http cache color-convert@https://registry.npmmirror.com/color-convert/-/color-convert-2.0.1.tgz 0ms (cache hit)
276 http cache color-name@https://registry.npmmirror.com/color-name/-/color-name-1.1.4.tgz 0ms (cache hit)
277 http cache concat-map@https://registry.npmmirror.com/concat-map/-/concat-map-0.0.1.tgz 0ms (cache hit)
278 http cache client-only@https://registry.npmmirror.com/client-only/-/client-only-0.0.1.tgz 0ms (cache hit)
279 http cache citty@https://registry.npmmirror.com/citty/-/citty-0.1.6.tgz 0ms (cache hit)
280 http cache chokidar@https://registry.npmmirror.com/chokidar/-/chokidar-4.0.3.tgz 0ms (cache hit)
281 http cache chalk@https://registry.npmmirror.com/chalk/-/chalk-4.1.2.tgz 0ms (cache hit)
282 http cache caniuse-lite@https://registry.npmmirror.com/caniuse-lite/-/caniuse-lite-1.0.30001793.tgz 0ms (cache hit)
283 http cache callsites@https://registry.npmmirror.com/callsites/-/callsites-3.1.0.tgz 0ms (cache hit)
284 http cache call-bound@https://registry.npmmirror.com/call-bound/-/call-bound-1.0.4.tgz 0ms (cache hit)
285 http cache call-bind-apply-helpers@https://registry.npmmirror.com/call-bind-apply-helpers/-/call-bind-apply-helpers-1.0.2.tgz 0ms (cache hit)
286 http cache c12@https://registry.npmmirror.com/c12/-/c12-3.1.0.tgz 0ms (cache hit)
287 http cache call-bind@https://registry.npmmirror.com/call-bind/-/call-bind-1.0.9.tgz 0ms (cache hit)
288 http cache browserslist@https://registry.npmmirror.com/browserslist/-/browserslist-4.28.2.tgz 0ms (cache hit)
289 http cache braces@https://registry.npmmirror.com/braces/-/braces-3.0.3.tgz 0ms (cache hit)
290 http cache balanced-match@https://registry.npmmirror.com/balanced-match/-/balanced-match-1.0.2.tgz 0ms (cache hit)
291 http cache brace-expansion@https://registry.npmmirror.com/brace-expansion/-/brace-expansion-1.1.14.tgz 0ms (cache hit)
292 http cache baseline-browser-mapping@https://registry.npmmirror.com/baseline-browser-mapping/-/baseline-browser-mapping-2.10.30.tgz 0ms (cache hit)
293 http cache axe-core@https://registry.npmmirror.com/axe-core/-/axe-core-4.11.4.tgz 0ms (cache hit)
294 http cache async-function@https://registry.npmmirror.com/async-function/-/async-function-1.0.0.tgz 0ms (cache hit)
295 http cache axobject-query@https://registry.npmmirror.com/axobject-query/-/axobject-query-4.1.0.tgz 0ms (cache hit)
296 http cache available-typed-arrays@https://registry.npmmirror.com/available-typed-arrays/-/available-typed-arrays-1.0.7.tgz 0ms (cache hit)
297 http cache ast-types-flow@https://registry.npmmirror.com/ast-types-flow/-/ast-types-flow-0.0.8.tgz 0ms (cache hit)
298 http cache array.prototype.tosorted@https://registry.npmmirror.com/array.prototype.tosorted/-/array.prototype.tosorted-1.1.4.tgz 0ms (cache hit)
299 http cache arraybuffer.prototype.slice@https://registry.npmmirror.com/arraybuffer.prototype.slice/-/arraybuffer.prototype.slice-1.0.4.tgz 0ms (cache hit)
300 http cache array.prototype.findlastindex@https://registry.npmmirror.com/array.prototype.findlastindex/-/array.prototype.findlastindex-1.2.6.tgz 0ms (cache hit)
301 http cache array.prototype.findlast@https://registry.npmmirror.com/array.prototype.findlast/-/array.prototype.findlast-1.2.5.tgz 0ms (cache hit)
302 http cache array.prototype.flatmap@https://registry.npmmirror.com/array.prototype.flatmap/-/array.prototype.flatmap-1.3.3.tgz 0ms (cache hit)
303 http cache array-includes@https://registry.npmmirror.com/array-includes/-/array-includes-3.1.9.tgz 0ms (cache hit)
304 http cache array.prototype.flat@https://registry.npmmirror.com/array.prototype.flat/-/array.prototype.flat-1.3.3.tgz 0ms (cache hit)
305 http cache aria-query@https://registry.npmmirror.com/aria-query/-/aria-query-5.3.2.tgz 0ms (cache hit)
306 http cache array-buffer-byte-length@https://registry.npmmirror.com/array-buffer-byte-length/-/array-buffer-byte-length-1.0.2.tgz 0ms (cache hit)
307 http cache ajv@https://registry.npmmirror.com/ajv/-/ajv-6.15.0.tgz 0ms (cache hit)
308 http cache argparse@https://registry.npmmirror.com/argparse/-/argparse-2.0.1.tgz 0ms (cache hit)
309 http cache acorn@https://registry.npmmirror.com/acorn/-/acorn-8.16.0.tgz 0ms (cache hit)
310 http cache @unrs/resolver-binding-win32-x64-msvc@https://registry.npmmirror.com/@unrs/resolver-binding-win32-x64-msvc/-/resolver-binding-win32-x64-msvc-1.11.1.tgz 0ms (cache hit)
311 http cache acorn-jsx@https://registry.npmmirror.com/acorn-jsx/-/acorn-jsx-5.3.2.tgz 0ms (cache hit)
312 http cache @typescript-eslint/visitor-keys@https://registry.npmmirror.com/@typescript-eslint/visitor-keys/-/visitor-keys-8.59.3.tgz 0ms (cache hit)
313 http cache ansi-styles@https://registry.npmmirror.com/ansi-styles/-/ansi-styles-4.3.0.tgz 0ms (cache hit)
314 http cache @typescript-eslint/typescript-estree@https://registry.npmmirror.com/@typescript-eslint/typescript-estree/-/typescript-estree-8.59.3.tgz 0ms (cache hit)
315 http cache @typescript-eslint/utils@https://registry.npmmirror.com/@typescript-eslint/utils/-/utils-8.59.3.tgz 0ms (cache hit)
316 http cache @typescript-eslint/types@https://registry.npmmirror.com/@typescript-eslint/types/-/types-8.59.3.tgz 0ms (cache hit)
317 http cache @typescript-eslint/type-utils@https://registry.npmmirror.com/@typescript-eslint/type-utils/-/type-utils-8.59.3.tgz 0ms (cache hit)
318 http cache @typescript-eslint/tsconfig-utils@https://registry.npmmirror.com/@typescript-eslint/tsconfig-utils/-/tsconfig-utils-8.59.3.tgz 0ms (cache hit)
319 http cache @typescript-eslint/scope-manager@https://registry.npmmirror.com/@typescript-eslint/scope-manager/-/scope-manager-8.59.3.tgz 0ms (cache hit)
320 http cache @types/react-dom@https://registry.npmmirror.com/@types/react-dom/-/react-dom-19.2.3.tgz 0ms (cache hit)
321 http cache @types/react@https://registry.npmmirror.com/@types/react/-/react-19.2.14.tgz 0ms (cache hit)
322 http cache @types/node@https://registry.npmmirror.com/@types/node/-/node-20.19.41.tgz 0ms (cache hit)
323 http cache @typescript-eslint/eslint-plugin@https://registry.npmmirror.com/@typescript-eslint/eslint-plugin/-/eslint-plugin-8.59.3.tgz 0ms (cache hit)
324 http cache @typescript-eslint/parser@https://registry.npmmirror.com/@typescript-eslint/parser/-/parser-8.59.3.tgz 0ms (cache hit)
325 http cache @typescript-eslint/project-service@https://registry.npmmirror.com/@typescript-eslint/project-service/-/project-service-8.59.3.tgz 0ms (cache hit)
326 http cache @types/json5@https://registry.npmmirror.com/@types/json5/-/json5-0.0.29.tgz 0ms (cache hit)
327 http cache @tybys/wasm-util@https://registry.npmmirror.com/@tybys/wasm-util/-/wasm-util-0.10.2.tgz 0ms (cache hit)
328 http cache @tailwindcss/oxide-win32-x64-msvc@https://registry.npmmirror.com/@tailwindcss/oxide-win32-x64-msvc/-/oxide-win32-x64-msvc-4.3.0.tgz 0ms (cache hit)
329 http cache @types/estree@https://registry.npmmirror.com/@types/estree/-/estree-1.0.9.tgz 0ms (cache hit)
330 http cache @types/json-schema@https://registry.npmmirror.com/@types/json-schema/-/json-schema-7.0.15.tgz 0ms (cache hit)
331 http cache @tailwindcss/oxide@https://registry.npmmirror.com/@tailwindcss/oxide/-/oxide-4.3.0.tgz 0ms (cache hit)
332 http cache @tailwindcss/postcss@https://registry.npmmirror.com/@tailwindcss/postcss/-/postcss-4.3.0.tgz 0ms (cache hit)
333 http cache @tailwindcss/node@https://registry.npmmirror.com/@tailwindcss/node/-/node-4.3.0.tgz 0ms (cache hit)
334 http cache @rtsao/scc@https://registry.npmmirror.com/@rtsao/scc/-/scc-1.1.0.tgz 0ms (cache hit)
335 http cache damerau-levenshtein@https://registry.npmmirror.com/damerau-levenshtein/-/damerau-levenshtein-1.0.8.tgz 0ms (cache hit)
336 http cache @standard-schema/spec@https://registry.npmmirror.com/@standard-schema/spec/-/spec-1.1.0.tgz 0ms (cache hit)
337 http cache @swc/helpers@https://registry.npmmirror.com/@swc/helpers/-/helpers-0.5.15.tgz 0ms (cache hit)
338 http cache @prisma/get-platform@https://registry.npmmirror.com/@prisma/get-platform/-/get-platform-6.19.3.tgz 0ms (cache hit)
339 http cache @prisma/fetch-engine@https://registry.npmmirror.com/@prisma/fetch-engine/-/fetch-engine-6.19.3.tgz 0ms (cache hit)
340 http cache @prisma/engines-version@https://registry.npmmirror.com/@prisma/engines-version/-/engines-version-7.1.1-3.c2990dca591cba766e3b7ef5d9e8a84796e47ab7.tgz 0ms (cache hit)
341 http cache @prisma/engines@https://registry.npmmirror.com/@prisma/engines/-/engines-6.19.3.tgz 0ms (cache hit)
342 http cache @prisma/config@https://registry.npmmirror.com/@prisma/config/-/config-6.19.3.tgz 0ms (cache hit)
343 http cache @nolyfill/is-core-module@https://registry.npmmirror.com/@nolyfill/is-core-module/-/is-core-module-1.0.39.tgz 0ms (cache hit)
344 http cache @prisma/client@https://registry.npmmirror.com/@prisma/client/-/client-6.19.3.tgz 0ms (cache hit)
345 http cache @prisma/debug@https://registry.npmmirror.com/@prisma/debug/-/debug-6.19.3.tgz 0ms (cache hit)
346 http cache @nodelib/fs.walk@https://registry.npmmirror.com/@nodelib/fs.walk/-/fs.walk-1.2.8.tgz 0ms (cache hit)
347 http cache @nodelib/fs.scandir@https://registry.npmmirror.com/@nodelib/fs.scandir/-/fs.scandir-2.1.5.tgz 0ms (cache hit)
348 http cache @next/eslint-plugin-next@https://registry.npmmirror.com/@next/eslint-plugin-next/-/eslint-plugin-next-16.2.6.tgz 0ms (cache hit)
349 http cache @next/env@https://registry.npmmirror.com/@next/env/-/env-16.2.6.tgz 0ms (cache hit)
350 http cache @next/swc-win32-x64-msvc@https://registry.npmmirror.com/@next/swc-win32-x64-msvc/-/swc-win32-x64-msvc-16.2.6.tgz 0ms (cache hit)
351 http cache @napi-rs/wasm-runtime@https://registry.npmmirror.com/@napi-rs/wasm-runtime/-/wasm-runtime-0.2.12.tgz 0ms (cache hit)
352 http cache @nodelib/fs.stat@https://registry.npmmirror.com/@nodelib/fs.stat/-/fs.stat-2.0.5.tgz 0ms (cache hit)
353 http cache @jridgewell/remapping@https://registry.npmmirror.com/@jridgewell/remapping/-/remapping-2.3.5.tgz 0ms (cache hit)
354 http cache @jridgewell/trace-mapping@https://registry.npmmirror.com/@jridgewell/trace-mapping/-/trace-mapping-0.3.31.tgz 0ms (cache hit)
355 http cache @jridgewell/sourcemap-codec@https://registry.npmmirror.com/@jridgewell/sourcemap-codec/-/sourcemap-codec-1.5.5.tgz 0ms (cache hit)
356 http cache @img/sharp-win32-x64@https://registry.npmmirror.com/@img/sharp-win32-x64/-/sharp-win32-x64-0.34.5.tgz 0ms (cache hit)
357 http cache @jridgewell/resolve-uri@https://registry.npmmirror.com/@jridgewell/resolve-uri/-/resolve-uri-3.1.2.tgz 0ms (cache hit)
358 http cache @jridgewell/gen-mapping@https://registry.npmmirror.com/@jridgewell/gen-mapping/-/gen-mapping-0.3.13.tgz 0ms (cache hit)
359 http cache @humanwhocodes/module-importer@https://registry.npmmirror.com/@humanwhocodes/module-importer/-/module-importer-1.0.1.tgz 0ms (cache hit)
360 http cache @humanwhocodes/retry@https://registry.npmmirror.com/@humanwhocodes/retry/-/retry-0.4.3.tgz 0ms (cache hit)
361 http cache @img/colour@https://registry.npmmirror.com/@img/colour/-/colour-1.1.0.tgz 0ms (cache hit)
362 http cache @eslint/object-schema@https://registry.npmmirror.com/@eslint/object-schema/-/object-schema-2.1.7.tgz 0ms (cache hit)
363 http cache @humanfs/node@https://registry.npmmirror.com/@humanfs/node/-/node-0.16.8.tgz 0ms (cache hit)
364 http cache @eslint/plugin-kit@https://registry.npmmirror.com/@eslint/plugin-kit/-/plugin-kit-0.4.1.tgz 0ms (cache hit)
365 http cache @humanfs/core@https://registry.npmmirror.com/@humanfs/core/-/core-0.19.2.tgz 0ms (cache hit)
366 http cache @humanfs/types@https://registry.npmmirror.com/@humanfs/types/-/types-0.15.0.tgz 0ms (cache hit)
367 http cache @eslint/core@https://registry.npmmirror.com/@eslint/core/-/core-0.17.0.tgz 0ms (cache hit)
368 http cache @eslint/eslintrc@https://registry.npmmirror.com/@eslint/eslintrc/-/eslintrc-3.3.5.tgz 0ms (cache hit)
369 http cache @eslint/config-helpers@https://registry.npmmirror.com/@eslint/config-helpers/-/config-helpers-0.4.2.tgz 0ms (cache hit)
370 http cache @eslint/config-array@https://registry.npmmirror.com/@eslint/config-array/-/config-array-0.21.2.tgz 0ms (cache hit)
371 http cache @eslint/js@https://registry.npmmirror.com/@eslint/js/-/js-9.39.4.tgz 0ms (cache hit)
372 http cache @eslint-community/regexpp@https://registry.npmmirror.com/@eslint-community/regexpp/-/regexpp-4.12.2.tgz 0ms (cache hit)
373 http cache @emnapi/wasi-threads@https://registry.npmmirror.com/@emnapi/wasi-threads/-/wasi-threads-1.2.1.tgz 0ms (cache hit)
374 http cache @eslint-community/eslint-utils@https://registry.npmmirror.com/@eslint-community/eslint-utils/-/eslint-utils-4.9.1.tgz 0ms (cache hit)
375 http cache @emnapi/core@https://registry.npmmirror.com/@emnapi/core/-/core-1.10.0.tgz 0ms (cache hit)
376 http cache @emnapi/runtime@https://registry.npmmirror.com/@emnapi/runtime/-/runtime-1.10.0.tgz 0ms (cache hit)
377 http cache @babel/traverse@https://registry.npmmirror.com/@babel/traverse/-/traverse-7.29.0.tgz 0ms (cache hit)
378 http cache @babel/template@https://registry.npmmirror.com/@babel/template/-/template-7.28.6.tgz 0ms (cache hit)
379 http cache @babel/types@https://registry.npmmirror.com/@babel/types/-/types-7.29.0.tgz 0ms (cache hit)
380 http cache @babel/helpers@https://registry.npmmirror.com/@babel/helpers/-/helpers-7.29.2.tgz 0ms (cache hit)
381 http cache @babel/parser@https://registry.npmmirror.com/@babel/parser/-/parser-7.29.3.tgz 0ms (cache hit)
382 http cache @babel/helper-validator-identifier@https://registry.npmmirror.com/@babel/helper-validator-identifier/-/helper-validator-identifier-7.28.5.tgz 0ms (cache hit)
383 http cache @babel/helper-string-parser@https://registry.npmmirror.com/@babel/helper-string-parser/-/helper-string-parser-7.27.1.tgz 0ms (cache hit)
384 http cache @babel/helper-validator-option@https://registry.npmmirror.com/@babel/helper-validator-option/-/helper-validator-option-7.27.1.tgz 0ms (cache hit)
385 http cache @babel/helper-module-transforms@https://registry.npmmirror.com/@babel/helper-module-transforms/-/helper-module-transforms-7.28.6.tgz 0ms (cache hit)
386 http cache @babel/helper-module-imports@https://registry.npmmirror.com/@babel/helper-module-imports/-/helper-module-imports-7.28.6.tgz 0ms (cache hit)
387 http cache @babel/helper-globals@https://registry.npmmirror.com/@babel/helper-globals/-/helper-globals-7.28.0.tgz 1ms (cache hit)
388 http cache @babel/generator@https://registry.npmmirror.com/@babel/generator/-/generator-7.29.1.tgz 0ms (cache hit)
389 http cache @alloc/quick-lru@https://registry.npmmirror.com/@alloc/quick-lru/-/quick-lru-5.2.0.tgz 0ms (cache hit)
390 http cache @babel/core@https://registry.npmmirror.com/@babel/core/-/core-7.29.0.tgz 0ms (cache hit)
391 http cache @babel/code-frame@https://registry.npmmirror.com/@babel/code-frame/-/code-frame-7.29.0.tgz 0ms (cache hit)
392 http cache json5@https://registry.npmmirror.com/json5/-/json5-1.0.2.tgz 0ms (cache hit)
393 http cache @babel/compat-data@https://registry.npmmirror.com/@babel/compat-data/-/compat-data-7.29.3.tgz 0ms (cache hit)
394 http cache semver@https://registry.npmmirror.com/semver/-/semver-7.8.0.tgz 0ms (cache hit)
395 http cache @babel/helper-compilation-targets@https://registry.npmmirror.com/@babel/helper-compilation-targets/-/helper-compilation-targets-7.28.6.tgz 0ms (cache hit)
396 http cache picomatch@https://registry.npmmirror.com/picomatch/-/picomatch-4.0.4.tgz 0ms (cache hit)
397 http cache fdir@https://registry.npmmirror.com/fdir/-/fdir-6.5.0.tgz 0ms (cache hit)
398 http cache postcss@https://registry.npmmirror.com/postcss/-/postcss-8.4.31.tgz 0ms (cache hit)
399 http cache citty@https://registry.npmmirror.com/citty/-/citty-0.2.2.tgz 0ms (cache hit)
400 http cache semver@https://registry.npmmirror.com/semver/-/semver-7.8.0.tgz 0ms (cache hit)
401 http cache debug@https://registry.npmmirror.com/debug/-/debug-3.2.7.tgz 0ms (cache hit)
402 http cache glob-parent@https://registry.npmmirror.com/glob-parent/-/glob-parent-5.1.2.tgz 0ms (cache hit)
403 http cache debug@https://registry.npmmirror.com/debug/-/debug-3.2.7.tgz 0ms (cache hit)
404 http cache debug@https://registry.npmmirror.com/debug/-/debug-3.2.7.tgz 0ms (cache hit)
405 http cache minimatch@https://registry.npmmirror.com/minimatch/-/minimatch-10.2.5.tgz 0ms (cache hit)
406 http cache globals@https://registry.npmmirror.com/globals/-/globals-16.4.0.tgz 0ms (cache hit)
407 http cache eslint-visitor-keys@https://registry.npmmirror.com/eslint-visitor-keys/-/eslint-visitor-keys-5.0.1.tgz 0ms (cache hit)
408 http cache ignore@https://registry.npmmirror.com/ignore/-/ignore-7.0.5.tgz 0ms (cache hit)
409 http cache brace-expansion@https://registry.npmmirror.com/brace-expansion/-/brace-expansion-5.0.6.tgz 0ms (cache hit)
410 silly tarball no local data for zod@https://registry.npmmirror.com/zod/-/zod-4.4.3.tgz. Extracting by manifest.
411 silly tarball no local data for zod-validation-error@https://registry.npmmirror.com/zod-validation-error/-/zod-validation-error-4.0.2.tgz. Extracting by manifest.
412 silly tarball no local data for yocto-queue@https://registry.npmmirror.com/yocto-queue/-/yocto-queue-0.1.0.tgz. Extracting by manifest.
413 http cache eslint-visitor-keys@https://registry.npmmirror.com/eslint-visitor-keys/-/eslint-visitor-keys-3.4.3.tgz 0ms (cache hit)
414 http cache balanced-match@https://registry.npmmirror.com/balanced-match/-/balanced-match-4.0.4.tgz 0ms (cache hit)
415 silly tarball no local data for yallist@https://registry.npmmirror.com/yallist/-/yallist-3.1.1.tgz. Extracting by manifest.
416 silly tarball no local data for which-collection@https://registry.npmmirror.com/which-collection/-/which-collection-1.0.2.tgz. Extracting by manifest.
417 silly tarball no local data for which-typed-array@https://registry.npmmirror.com/which-typed-array/-/which-typed-array-1.1.20.tgz. Extracting by manifest.
418 silly tarball no local data for word-wrap@https://registry.npmmirror.com/word-wrap/-/word-wrap-1.2.5.tgz. Extracting by manifest.
419 silly tarball no local data for which-builtin-type@https://registry.npmmirror.com/which-builtin-type/-/which-builtin-type-1.2.1.tgz. Extracting by manifest.
420 silly tarball no local data for which-boxed-primitive@https://registry.npmmirror.com/which-boxed-primitive/-/which-boxed-primitive-1.1.1.tgz. Extracting by manifest.
421 silly tarball no local data for which@https://registry.npmmirror.com/which/-/which-2.0.2.tgz. Extracting by manifest.
422 silly tarball no local data for uri-js@https://registry.npmmirror.com/uri-js/-/uri-js-4.4.1.tgz. Extracting by manifest.
423 silly tarball no local data for unrs-resolver@https://registry.npmmirror.com/unrs-resolver/-/unrs-resolver-1.11.1.tgz. Extracting by manifest.
424 silly tarball no local data for undici-types@https://registry.npmmirror.com/undici-types/-/undici-types-6.21.0.tgz. Extracting by manifest.
425 silly tarball no local data for unbox-primitive@https://registry.npmmirror.com/unbox-primitive/-/unbox-primitive-1.1.0.tgz. Extracting by manifest.
426 silly tarball no local data for typescript-eslint@https://registry.npmmirror.com/typescript-eslint/-/typescript-eslint-8.59.3.tgz. Extracting by manifest.
427 silly tarball no local data for update-browserslist-db@https://registry.npmmirror.com/update-browserslist-db/-/update-browserslist-db-1.2.3.tgz. Extracting by manifest.
428 silly tarball no local data for typescript@https://registry.npmmirror.com/typescript/-/typescript-5.9.3.tgz. Extracting by manifest.
429 silly tarball no local data for typed-array-byte-offset@https://registry.npmmirror.com/typed-array-byte-offset/-/typed-array-byte-offset-1.0.4.tgz. Extracting by manifest.
430 silly tarball no local data for typed-array-buffer@https://registry.npmmirror.com/typed-array-buffer/-/typed-array-buffer-1.0.3.tgz. Extracting by manifest.
431 silly tarball no local data for typed-array-length@https://registry.npmmirror.com/typed-array-length/-/typed-array-length-1.0.7.tgz. Extracting by manifest.
432 silly tarball no local data for typed-array-byte-length@https://registry.npmmirror.com/typed-array-byte-length/-/typed-array-byte-length-1.0.3.tgz. Extracting by manifest.
433 http cache semver@https://registry.npmmirror.com/semver/-/semver-7.8.0.tgz 0ms (cache hit)
434 silly tarball no local data for tslib@https://registry.npmmirror.com/tslib/-/tslib-2.8.1.tgz. Extracting by manifest.
435 silly tarball no local data for type-check@https://registry.npmmirror.com/type-check/-/type-check-0.4.0.tgz. Extracting by manifest.
436 silly tarball no local data for ts-api-utils@https://registry.npmmirror.com/ts-api-utils/-/ts-api-utils-2.5.0.tgz. Extracting by manifest.
437 silly tarball no local data for tailwindcss@https://registry.npmmirror.com/tailwindcss/-/tailwindcss-4.3.0.tgz. Extracting by manifest.
438 silly tarball no local data for to-regex-range@https://registry.npmmirror.com/to-regex-range/-/to-regex-range-5.0.1.tgz. Extracting by manifest.
439 silly tarball no local data for tapable@https://registry.npmmirror.com/tapable/-/tapable-2.3.3.tgz. Extracting by manifest.
440 silly tarball no local data for tsconfig-paths@https://registry.npmmirror.com/tsconfig-paths/-/tsconfig-paths-3.15.0.tgz. Extracting by manifest.
441 silly tarball no local data for supports-preserve-symlinks-flag@https://registry.npmmirror.com/supports-preserve-symlinks-flag/-/supports-preserve-symlinks-flag-1.0.0.tgz. Extracting by manifest.
442 silly tarball no local data for tinyglobby@https://registry.npmmirror.com/tinyglobby/-/tinyglobby-0.2.16.tgz. Extracting by manifest.
443 silly tarball no local data for supports-color@https://registry.npmmirror.com/supports-color/-/supports-color-7.2.0.tgz. Extracting by manifest.
444 silly tarball no local data for tinyexec@https://registry.npmmirror.com/tinyexec/-/tinyexec-1.2.4.tgz. Extracting by manifest.
445 silly tarball no local data for strip-json-comments@https://registry.npmmirror.com/strip-json-comments/-/strip-json-comments-3.1.1.tgz. Extracting by manifest.
446 silly tarball no local data for string.prototype.trimstart@https://registry.npmmirror.com/string.prototype.trimstart/-/string.prototype.trimstart-1.0.8.tgz. Extracting by manifest.
447 silly tarball no local data for strip-bom@https://registry.npmmirror.com/strip-bom/-/strip-bom-3.0.0.tgz. Extracting by manifest.
448 silly tarball no local data for string.prototype.trimend@https://registry.npmmirror.com/string.prototype.trimend/-/string.prototype.trimend-1.0.9.tgz. Extracting by manifest.
449 silly tarball no local data for string.prototype.matchall@https://registry.npmmirror.com/string.prototype.matchall/-/string.prototype.matchall-4.0.12.tgz. Extracting by manifest.
450 silly tarball no local data for stop-iteration-iterator@https://registry.npmmirror.com/stop-iteration-iterator/-/stop-iteration-iterator-1.1.0.tgz. Extracting by manifest.
451 silly tarball no local data for string.prototype.repeat@https://registry.npmmirror.com/string.prototype.repeat/-/string.prototype.repeat-1.0.0.tgz. Extracting by manifest.
452 silly tarball no local data for stable-hash@https://registry.npmmirror.com/stable-hash/-/stable-hash-0.0.5.tgz. Extracting by manifest.
453 silly tarball no local data for string.prototype.trim@https://registry.npmmirror.com/string.prototype.trim/-/string.prototype.trim-1.2.10.tgz. Extracting by manifest.
454 silly tarball no local data for styled-jsx@https://registry.npmmirror.com/styled-jsx/-/styled-jsx-5.1.6.tgz. Extracting by manifest.
455 silly tarball no local data for string.prototype.includes@https://registry.npmmirror.com/string.prototype.includes/-/string.prototype.includes-2.0.1.tgz. Extracting by manifest.
456 silly tarball no local data for source-map-js@https://registry.npmmirror.com/source-map-js/-/source-map-js-1.2.1.tgz. Extracting by manifest.
457 silly tarball no local data for side-channel-map@https://registry.npmmirror.com/side-channel-map/-/side-channel-map-1.0.1.tgz. Extracting by manifest.
458 silly tarball no local data for side-channel-list@https://registry.npmmirror.com/side-channel-list/-/side-channel-list-1.0.1.tgz. Extracting by manifest.
459 silly tarball no local data for shebang-regex@https://registry.npmmirror.com/shebang-regex/-/shebang-regex-3.0.0.tgz. Extracting by manifest.
460 silly tarball no local data for side-channel@https://registry.npmmirror.com/side-channel/-/side-channel-1.1.0.tgz. Extracting by manifest.
461 silly tarball no local data for sharp@https://registry.npmmirror.com/sharp/-/sharp-0.34.5.tgz. Extracting by manifest.
462 silly tarball no local data for set-proto@https://registry.npmmirror.com/set-proto/-/set-proto-1.0.0.tgz. Extracting by manifest.
463 silly tarball no local data for side-channel-weakmap@https://registry.npmmirror.com/side-channel-weakmap/-/side-channel-weakmap-1.0.2.tgz. Extracting by manifest.
464 silly tarball no local data for set-function-length@https://registry.npmmirror.com/set-function-length/-/set-function-length-1.2.2.tgz. Extracting by manifest.
465 silly tarball no local data for shebang-command@https://registry.npmmirror.com/shebang-command/-/shebang-command-2.0.0.tgz. Extracting by manifest.
466 silly tarball no local data for scheduler@https://registry.npmmirror.com/scheduler/-/scheduler-0.27.0.tgz. Extracting by manifest.
467 silly tarball no local data for set-function-name@https://registry.npmmirror.com/set-function-name/-/set-function-name-2.0.2.tgz. Extracting by manifest.
468 silly tarball no local data for semver@https://registry.npmmirror.com/semver/-/semver-6.3.1.tgz. Extracting by manifest.
469 silly tarball no local data for safe-array-concat@https://registry.npmmirror.com/safe-array-concat/-/safe-array-concat-1.1.4.tgz. Extracting by manifest.
470 silly tarball no local data for run-parallel@https://registry.npmmirror.com/run-parallel/-/run-parallel-1.2.0.tgz. Extracting by manifest.
471 silly tarball no local data for safe-regex-test@https://registry.npmmirror.com/safe-regex-test/-/safe-regex-test-1.1.0.tgz. Extracting by manifest.
472 silly tarball no local data for reusify@https://registry.npmmirror.com/reusify/-/reusify-1.1.0.tgz. Extracting by manifest.
473 silly tarball no local data for resolve-from@https://registry.npmmirror.com/resolve-from/-/resolve-from-4.0.0.tgz. Extracting by manifest.
474 silly tarball no local data for regexp.prototype.flags@https://registry.npmmirror.com/regexp.prototype.flags/-/regexp.prototype.flags-1.5.4.tgz. Extracting by manifest.
475 silly tarball no local data for resolve@https://registry.npmmirror.com/resolve/-/resolve-2.0.0-next.7.tgz. Extracting by manifest.
476 silly tarball no local data for safe-push-apply@https://registry.npmmirror.com/safe-push-apply/-/safe-push-apply-1.0.0.tgz. Extracting by manifest.
477 silly tarball no local data for resolve-pkg-maps@https://registry.npmmirror.com/resolve-pkg-maps/-/resolve-pkg-maps-1.0.0.tgz. Extracting by manifest.
478 silly tarball no local data for readdirp@https://registry.npmmirror.com/readdirp/-/readdirp-4.1.2.tgz. Extracting by manifest.
479 silly tarball no local data for reflect.getprototypeof@https://registry.npmmirror.com/reflect.getprototypeof/-/reflect.getprototypeof-1.0.10.tgz. Extracting by manifest.
480 silly tarball no local data for react-dom@https://registry.npmmirror.com/react-dom/-/react-dom-19.2.4.tgz. Extracting by manifest.
481 silly tarball no local data for react-is@https://registry.npmmirror.com/react-is/-/react-is-16.13.1.tgz. Extracting by manifest.
482 silly tarball no local data for react@https://registry.npmmirror.com/react/-/react-19.2.4.tgz. Extracting by manifest.
483 silly tarball no local data for rc9@https://registry.npmmirror.com/rc9/-/rc9-2.1.2.tgz. Extracting by manifest.
484 silly tarball no local data for queue-microtask@https://registry.npmmirror.com/queue-microtask/-/queue-microtask-1.2.3.tgz. Extracting by manifest.
485 silly tarball no local data for pure-rand@https://registry.npmmirror.com/pure-rand/-/pure-rand-6.1.0.tgz. Extracting by manifest.
486 silly tarball no local data for punycode@https://registry.npmmirror.com/punycode/-/punycode-2.3.1.tgz. Extracting by manifest.
487 silly tarball no local data for possible-typed-array-names@https://registry.npmmirror.com/possible-typed-array-names/-/possible-typed-array-names-1.1.0.tgz. Extracting by manifest.
488 silly tarball no local data for postcss@https://registry.npmmirror.com/postcss/-/postcss-8.5.14.tgz. Extracting by manifest.
489 silly tarball no local data for prisma@https://registry.npmmirror.com/prisma/-/prisma-6.19.3.tgz. Extracting by manifest.
490 silly tarball no local data for prelude-ls@https://registry.npmmirror.com/prelude-ls/-/prelude-ls-1.2.1.tgz. Extracting by manifest.
491 silly tarball no local data for prop-types@https://registry.npmmirror.com/prop-types/-/prop-types-15.8.1.tgz. Extracting by manifest.
492 silly tarball no local data for pkg-types@https://registry.npmmirror.com/pkg-types/-/pkg-types-2.3.1.tgz. Extracting by manifest.
493 silly tarball no local data for picocolors@https://registry.npmmirror.com/picocolors/-/picocolors-1.1.1.tgz. Extracting by manifest.
494 silly tarball no local data for perfect-debounce@https://registry.npmmirror.com/perfect-debounce/-/perfect-debounce-1.0.0.tgz. Extracting by manifest.
495 silly tarball no local data for picomatch@https://registry.npmmirror.com/picomatch/-/picomatch-2.3.2.tgz. Extracting by manifest.
496 silly tarball no local data for path-exists@https://registry.npmmirror.com/path-exists/-/path-exists-4.0.0.tgz. Extracting by manifest.
497 silly tarball no local data for pathe@https://registry.npmmirror.com/pathe/-/pathe-2.0.3.tgz. Extracting by manifest.
498 silly tarball no local data for path-key@https://registry.npmmirror.com/path-key/-/path-key-3.1.1.tgz. Extracting by manifest.
499 silly tarball no local data for path-parse@https://registry.npmmirror.com/path-parse/-/path-parse-1.0.7.tgz. Extracting by manifest.
500 silly tarball no local data for parent-module@https://registry.npmmirror.com/parent-module/-/parent-module-1.0.1.tgz. Extracting by manifest.
501 silly tarball no local data for own-keys@https://registry.npmmirror.com/own-keys/-/own-keys-1.0.1.tgz. Extracting by manifest.
502 silly tarball no local data for optionator@https://registry.npmmirror.com/optionator/-/optionator-0.9.4.tgz. Extracting by manifest.
503 silly tarball no local data for p-limit@https://registry.npmmirror.com/p-limit/-/p-limit-3.1.0.tgz. Extracting by manifest.
504 silly tarball no local data for ohash@https://registry.npmmirror.com/ohash/-/ohash-2.0.11.tgz. Extracting by manifest.
505 silly tarball no local data for object.values@https://registry.npmmirror.com/object.values/-/object.values-1.2.1.tgz. Extracting by manifest.
506 silly tarball no local data for p-locate@https://registry.npmmirror.com/p-locate/-/p-locate-5.0.0.tgz. Extracting by manifest.
507 silly tarball no local data for object.groupby@https://registry.npmmirror.com/object.groupby/-/object.groupby-1.0.3.tgz. Extracting by manifest.
508 silly tarball no local data for object.assign@https://registry.npmmirror.com/object.assign/-/object.assign-4.1.7.tgz. Extracting by manifest.
509 silly tarball no local data for object.fromentries@https://registry.npmmirror.com/object.fromentries/-/object.fromentries-2.0.8.tgz. Extracting by manifest.
510 silly tarball no local data for object-inspect@https://registry.npmmirror.com/object-inspect/-/object-inspect-1.13.4.tgz. Extracting by manifest.
511 silly tarball no local data for object.entries@https://registry.npmmirror.com/object.entries/-/object.entries-1.1.9.tgz. Extracting by manifest.
512 silly tarball no local data for object-keys@https://registry.npmmirror.com/object-keys/-/object-keys-1.1.1.tgz. Extracting by manifest.
513 silly tarball no local data for object-assign@https://registry.npmmirror.com/object-assign/-/object-assign-4.1.1.tgz. Extracting by manifest.
514 silly tarball no local data for node-releases@https://registry.npmmirror.com/node-releases/-/node-releases-2.0.44.tgz. Extracting by manifest.
515 silly tarball no local data for node-fetch-native@https://registry.npmmirror.com/node-fetch-native/-/node-fetch-native-1.6.7.tgz. Extracting by manifest.
516 silly tarball no local data for next@https://registry.npmmirror.com/next/-/next-16.2.6.tgz. Extracting by manifest.
517 silly tarball no local data for natural-compare@https://registry.npmmirror.com/natural-compare/-/natural-compare-1.4.0.tgz. Extracting by manifest.
518 silly tarball no local data for nypm@https://registry.npmmirror.com/nypm/-/nypm-0.6.6.tgz. Extracting by manifest.
519 silly tarball no local data for nanoid@https://registry.npmmirror.com/nanoid/-/nanoid-3.3.12.tgz. Extracting by manifest.
520 silly tarball no local data for node-exports-info@https://registry.npmmirror.com/node-exports-info/-/node-exports-info-1.6.0.tgz. Extracting by manifest.
521 silly tarball no local data for napi-postinstall@https://registry.npmmirror.com/napi-postinstall/-/napi-postinstall-0.3.4.tgz. Extracting by manifest.
522 silly tarball no local data for ms@https://registry.npmmirror.com/ms/-/ms-2.1.3.tgz. Extracting by manifest.
523 silly tarball no local data for math-intrinsics@https://registry.npmmirror.com/math-intrinsics/-/math-intrinsics-1.1.0.tgz. Extracting by manifest.
524 silly tarball no local data for minimatch@https://registry.npmmirror.com/minimatch/-/minimatch-3.1.5.tgz. Extracting by manifest.
525 silly tarball no local data for micromatch@https://registry.npmmirror.com/micromatch/-/micromatch-4.0.8.tgz. Extracting by manifest.
526 silly tarball no local data for minimist@https://registry.npmmirror.com/minimist/-/minimist-1.2.8.tgz. Extracting by manifest.
527 silly tarball no local data for magic-string@https://registry.npmmirror.com/magic-string/-/magic-string-0.30.21.tgz. Extracting by manifest.
528 silly tarball no local data for merge2@https://registry.npmmirror.com/merge2/-/merge2-1.4.1.tgz. Extracting by manifest.
529 silly tarball no local data for lru-cache@https://registry.npmmirror.com/lru-cache/-/lru-cache-5.1.1.tgz. Extracting by manifest.
530 silly tarball no local data for lodash.merge@https://registry.npmmirror.com/lodash.merge/-/lodash.merge-4.6.2.tgz. Extracting by manifest.
531 silly tarball no local data for loose-envify@https://registry.npmmirror.com/loose-envify/-/loose-envify-1.4.0.tgz. Extracting by manifest.
532 silly tarball no local data for locate-path@https://registry.npmmirror.com/locate-path/-/locate-path-6.0.0.tgz. Extracting by manifest.
533 silly tarball no local data for lightningcss-win32-x64-msvc@https://registry.npmmirror.com/lightningcss-win32-x64-msvc/-/lightningcss-win32-x64-msvc-1.32.0.tgz. Extracting by manifest.
534 silly tarball no local data for language-tags@https://registry.npmmirror.com/language-tags/-/language-tags-1.0.9.tgz. Extracting by manifest.
535 silly tarball no local data for lightningcss@https://registry.npmmirror.com/lightningcss/-/lightningcss-1.32.0.tgz. Extracting by manifest.
536 silly tarball no local data for language-subtag-registry@https://registry.npmmirror.com/language-subtag-registry/-/language-subtag-registry-0.3.23.tgz. Extracting by manifest.
537 silly tarball no local data for levn@https://registry.npmmirror.com/levn/-/levn-0.4.1.tgz. Extracting by manifest.
538 silly tarball no local data for keyv@https://registry.npmmirror.com/keyv/-/keyv-4.5.4.tgz. Extracting by manifest.
539 silly tarball no local data for json-stable-stringify-without-jsonify@https://registry.npmmirror.com/json-stable-stringify-without-jsonify/-/json-stable-stringify-without-jsonify-1.0.1.tgz. Extracting by manifest.
540 silly tarball no local data for json5@https://registry.npmmirror.com/json5/-/json5-2.2.3.tgz. Extracting by manifest.
541 silly tarball no local data for js-yaml@https://registry.npmmirror.com/js-yaml/-/js-yaml-4.1.1.tgz. Extracting by manifest.
542 silly tarball no local data for jsx-ast-utils@https://registry.npmmirror.com/jsx-ast-utils/-/jsx-ast-utils-3.3.5.tgz. Extracting by manifest.
543 silly tarball no local data for jsesc@https://registry.npmmirror.com/jsesc/-/jsesc-3.1.0.tgz. Extracting by manifest.
544 silly tarball no local data for json-buffer@https://registry.npmmirror.com/json-buffer/-/json-buffer-3.0.1.tgz. Extracting by manifest.
545 silly tarball no local data for json-schema-traverse@https://registry.npmmirror.com/json-schema-traverse/-/json-schema-traverse-0.4.1.tgz. Extracting by manifest.
546 silly tarball no local data for js-tokens@https://registry.npmmirror.com/js-tokens/-/js-tokens-4.0.0.tgz. Extracting by manifest.
547 silly tarball no local data for jiti@https://registry.npmmirror.com/jiti/-/jiti-2.7.0.tgz. Extracting by manifest.
548 silly tarball no local data for isarray@https://registry.npmmirror.com/isarray/-/isarray-2.0.5.tgz. Extracting by manifest.
549 silly tarball no local data for iterator.prototype@https://registry.npmmirror.com/iterator.prototype/-/iterator.prototype-1.1.5.tgz. Extracting by manifest.
550 silly tarball no local data for is-weakset@https://registry.npmmirror.com/is-weakset/-/is-weakset-2.0.4.tgz. Extracting by manifest.
551 silly tarball no local data for isexe@https://registry.npmmirror.com/isexe/-/isexe-2.0.0.tgz. Extracting by manifest.
552 silly tarball no local data for is-weakref@https://registry.npmmirror.com/is-weakref/-/is-weakref-1.1.1.tgz. Extracting by manifest.
553 silly tarball no local data for is-typed-array@https://registry.npmmirror.com/is-typed-array/-/is-typed-array-1.1.15.tgz. Extracting by manifest.
554 silly tarball no local data for is-symbol@https://registry.npmmirror.com/is-symbol/-/is-symbol-1.1.1.tgz. Extracting by manifest.
555 silly tarball no local data for is-string@https://registry.npmmirror.com/is-string/-/is-string-1.1.1.tgz. Extracting by manifest.
556 silly tarball no local data for is-weakmap@https://registry.npmmirror.com/is-weakmap/-/is-weakmap-2.0.2.tgz. Extracting by manifest.
557 silly tarball no local data for is-regex@https://registry.npmmirror.com/is-regex/-/is-regex-1.2.1.tgz. Extracting by manifest.
558 silly tarball no local data for is-set@https://registry.npmmirror.com/is-set/-/is-set-2.0.3.tgz. Extracting by manifest.
559 silly tarball no local data for is-shared-array-buffer@https://registry.npmmirror.com/is-shared-array-buffer/-/is-shared-array-buffer-1.0.4.tgz. Extracting by manifest.
560 silly tarball no local data for is-number-object@https://registry.npmmirror.com/is-number-object/-/is-number-object-1.1.1.tgz. Extracting by manifest.
561 silly tarball no local data for is-number@https://registry.npmmirror.com/is-number/-/is-number-7.0.0.tgz. Extracting by manifest.
562 silly tarball no local data for is-glob@https://registry.npmmirror.com/is-glob/-/is-glob-4.0.3.tgz. Extracting by manifest.
563 silly tarball no local data for is-negative-zero@https://registry.npmmirror.com/is-negative-zero/-/is-negative-zero-2.0.3.tgz. Extracting by manifest.
564 silly tarball no local data for is-generator-function@https://registry.npmmirror.com/is-generator-function/-/is-generator-function-1.1.2.tgz. Extracting by manifest.
565 silly tarball no local data for is-data-view@https://registry.npmmirror.com/is-data-view/-/is-data-view-1.0.2.tgz. Extracting by manifest.
566 silly tarball no local data for is-extglob@https://registry.npmmirror.com/is-extglob/-/is-extglob-2.1.1.tgz. Extracting by manifest.
567 silly tarball no local data for is-map@https://registry.npmmirror.com/is-map/-/is-map-2.0.3.tgz. Extracting by manifest.
568 silly tarball no local data for is-finalizationregistry@https://registry.npmmirror.com/is-finalizationregistry/-/is-finalizationregistry-1.1.1.tgz. Extracting by manifest.
569 silly tarball no local data for is-callable@https://registry.npmmirror.com/is-callable/-/is-callable-1.2.7.tgz. Extracting by manifest.
570 silly tarball no local data for is-core-module@https://registry.npmmirror.com/is-core-module/-/is-core-module-2.16.2.tgz. Extracting by manifest.
571 silly tarball no local data for is-date-object@https://registry.npmmirror.com/is-date-object/-/is-date-object-1.1.0.tgz. Extracting by manifest.
572 silly tarball no local data for is-bigint@https://registry.npmmirror.com/is-bigint/-/is-bigint-1.1.0.tgz. Extracting by manifest.
573 silly tarball no local data for is-boolean-object@https://registry.npmmirror.com/is-boolean-object/-/is-boolean-object-1.2.2.tgz. Extracting by manifest.
574 silly tarball no local data for is-bun-module@https://registry.npmmirror.com/is-bun-module/-/is-bun-module-2.0.0.tgz. Extracting by manifest.
575 silly tarball no local data for imurmurhash@https://registry.npmmirror.com/imurmurhash/-/imurmurhash-0.1.4.tgz. Extracting by manifest.
576 silly tarball no local data for import-fresh@https://registry.npmmirror.com/import-fresh/-/import-fresh-3.3.1.tgz. Extracting by manifest.
577 silly tarball no local data for internal-slot@https://registry.npmmirror.com/internal-slot/-/internal-slot-1.1.0.tgz. Extracting by manifest.
578 silly tarball no local data for hermes-parser@https://registry.npmmirror.com/hermes-parser/-/hermes-parser-0.25.1.tgz. Extracting by manifest.
579 silly tarball no local data for ignore@https://registry.npmmirror.com/ignore/-/ignore-5.3.2.tgz. Extracting by manifest.
580 silly tarball no local data for is-async-function@https://registry.npmmirror.com/is-async-function/-/is-async-function-2.1.1.tgz. Extracting by manifest.
581 silly tarball no local data for is-array-buffer@https://registry.npmmirror.com/is-array-buffer/-/is-array-buffer-3.0.5.tgz. Extracting by manifest.
582 silly tarball no local data for hasown@https://registry.npmmirror.com/hasown/-/hasown-2.0.3.tgz. Extracting by manifest.
583 silly tarball no local data for has-symbols@https://registry.npmmirror.com/has-symbols/-/has-symbols-1.1.0.tgz. Extracting by manifest.
584 silly tarball no local data for hermes-estree@https://registry.npmmirror.com/hermes-estree/-/hermes-estree-0.25.1.tgz. Extracting by manifest.
585 silly tarball no local data for has-tostringtag@https://registry.npmmirror.com/has-tostringtag/-/has-tostringtag-1.0.2.tgz. Extracting by manifest.
586 silly tarball no local data for has-proto@https://registry.npmmirror.com/has-proto/-/has-proto-1.2.0.tgz. Extracting by manifest.
587 silly tarball no local data for has-property-descriptors@https://registry.npmmirror.com/has-property-descriptors/-/has-property-descriptors-1.0.2.tgz. Extracting by manifest.
588 silly tarball no local data for graceful-fs@https://registry.npmmirror.com/graceful-fs/-/graceful-fs-4.2.11.tgz. Extracting by manifest.
589 silly tarball no local data for has-bigints@https://registry.npmmirror.com/has-bigints/-/has-bigints-1.1.0.tgz. Extracting by manifest.
590 silly tarball no local data for has-flag@https://registry.npmmirror.com/has-flag/-/has-flag-4.0.0.tgz. Extracting by manifest.
591 silly tarball no local data for globalthis@https://registry.npmmirror.com/globalthis/-/globalthis-1.0.4.tgz. Extracting by manifest.
592 silly tarball no local data for gopd@https://registry.npmmirror.com/gopd/-/gopd-1.2.0.tgz. Extracting by manifest.
593 silly tarball no local data for globals@https://registry.npmmirror.com/globals/-/globals-14.0.0.tgz. Extracting by manifest.
594 silly tarball no local data for giget@https://registry.npmmirror.com/giget/-/giget-2.0.0.tgz. Extracting by manifest.
595 silly tarball no local data for get-tsconfig@https://registry.npmmirror.com/get-tsconfig/-/get-tsconfig-4.14.0.tgz. Extracting by manifest.
596 silly tarball no local data for glob-parent@https://registry.npmmirror.com/glob-parent/-/glob-parent-6.0.2.tgz. Extracting by manifest.
597 silly tarball no local data for get-symbol-description@https://registry.npmmirror.com/get-symbol-description/-/get-symbol-description-1.1.0.tgz. Extracting by manifest.
598 silly tarball no local data for gensync@https://registry.npmmirror.com/gensync/-/gensync-1.0.0-beta.2.tgz. Extracting by manifest.
599 silly tarball no local data for get-proto@https://registry.npmmirror.com/get-proto/-/get-proto-1.0.1.tgz. Extracting by manifest.
600 silly tarball no local data for get-intrinsic@https://registry.npmmirror.com/get-intrinsic/-/get-intrinsic-1.3.0.tgz. Extracting by manifest.
601 silly tarball no local data for functions-have-names@https://registry.npmmirror.com/functions-have-names/-/functions-have-names-1.2.3.tgz. Extracting by manifest.
602 silly tarball no local data for function.prototype.name@https://registry.npmmirror.com/function.prototype.name/-/function.prototype.name-1.1.8.tgz. Extracting by manifest.
603 silly tarball no local data for for-each@https://registry.npmmirror.com/for-each/-/for-each-0.3.5.tgz. Extracting by manifest.
604 silly tarball no local data for function-bind@https://registry.npmmirror.com/function-bind/-/function-bind-1.1.2.tgz. Extracting by manifest.
605 silly tarball no local data for generator-function@https://registry.npmmirror.com/generator-function/-/generator-function-2.0.1.tgz. Extracting by manifest.
606 silly tarball no local data for flat-cache@https://registry.npmmirror.com/flat-cache/-/flat-cache-4.0.1.tgz. Extracting by manifest.
607 silly tarball no local data for fastq@https://registry.npmmirror.com/fastq/-/fastq-1.20.1.tgz. Extracting by manifest.
608 silly tarball no local data for fill-range@https://registry.npmmirror.com/fill-range/-/fill-range-7.1.1.tgz. Extracting by manifest.
609 silly tarball no local data for flatted@https://registry.npmmirror.com/flatted/-/flatted-3.4.2.tgz. Extracting by manifest.
610 silly tarball no local data for file-entry-cache@https://registry.npmmirror.com/file-entry-cache/-/file-entry-cache-8.0.0.tgz. Extracting by manifest.
611 silly tarball no local data for find-up@https://registry.npmmirror.com/find-up/-/find-up-5.0.0.tgz. Extracting by manifest.
612 silly tarball no local data for fast-levenshtein@https://registry.npmmirror.com/fast-levenshtein/-/fast-levenshtein-2.0.6.tgz. Extracting by manifest.
613 silly tarball no local data for fast-glob@https://registry.npmmirror.com/fast-glob/-/fast-glob-3.3.1.tgz. Extracting by manifest.
614 silly tarball no local data for fast-deep-equal@https://registry.npmmirror.com/fast-deep-equal/-/fast-deep-equal-3.1.3.tgz. Extracting by manifest.
615 silly tarball no local data for fast-json-stable-stringify@https://registry.npmmirror.com/fast-json-stable-stringify/-/fast-json-stable-stringify-2.1.0.tgz. Extracting by manifest.
616 silly tarball no local data for fast-check@https://registry.npmmirror.com/fast-check/-/fast-check-3.23.2.tgz. Extracting by manifest.
617 silly tarball no local data for exsolve@https://registry.npmmirror.com/exsolve/-/exsolve-1.0.8.tgz. Extracting by manifest.
618 silly tarball no local data for esquery@https://registry.npmmirror.com/esquery/-/esquery-1.7.0.tgz. Extracting by manifest.
619 silly tarball no local data for esrecurse@https://registry.npmmirror.com/esrecurse/-/esrecurse-4.3.0.tgz. Extracting by manifest.
620 silly tarball no local data for esutils@https://registry.npmmirror.com/esutils/-/esutils-2.0.3.tgz. Extracting by manifest.
621 silly tarball no local data for estraverse@https://registry.npmmirror.com/estraverse/-/estraverse-5.3.0.tgz. Extracting by manifest.
622 silly tarball no local data for espree@https://registry.npmmirror.com/espree/-/espree-10.4.0.tgz. Extracting by manifest.
623 silly tarball no local data for eslint-scope@https://registry.npmmirror.com/eslint-scope/-/eslint-scope-8.4.0.tgz. Extracting by manifest.
624 silly tarball no local data for eslint-plugin-jsx-a11y@https://registry.npmmirror.com/eslint-plugin-jsx-a11y/-/eslint-plugin-jsx-a11y-6.10.2.tgz. Extracting by manifest.
625 silly tarball no local data for eslint-plugin-react-hooks@https://registry.npmmirror.com/eslint-plugin-react-hooks/-/eslint-plugin-react-hooks-7.1.1.tgz. Extracting by manifest.
626 silly tarball no local data for eslint-plugin-react@https://registry.npmmirror.com/eslint-plugin-react/-/eslint-plugin-react-7.37.5.tgz. Extracting by manifest.
627 silly tarball no local data for eslint-visitor-keys@https://registry.npmmirror.com/eslint-visitor-keys/-/eslint-visitor-keys-4.2.1.tgz. Extracting by manifest.
628 silly tarball no local data for eslint-plugin-import@https://registry.npmmirror.com/eslint-plugin-import/-/eslint-plugin-import-2.32.0.tgz. Extracting by manifest.
629 silly tarball no local data for eslint-module-utils@https://registry.npmmirror.com/eslint-module-utils/-/eslint-module-utils-2.12.1.tgz. Extracting by manifest.
630 silly tarball no local data for eslint-config-next@https://registry.npmmirror.com/eslint-config-next/-/eslint-config-next-16.2.6.tgz. Extracting by manifest.
631 silly tarball no local data for eslint-import-resolver-node@https://registry.npmmirror.com/eslint-import-resolver-node/-/eslint-import-resolver-node-0.3.10.tgz. Extracting by manifest.
632 silly tarball no local data for eslint-import-resolver-typescript@https://registry.npmmirror.com/eslint-import-resolver-typescript/-/eslint-import-resolver-typescript-3.10.1.tgz. Extracting by manifest.
633 silly tarball no local data for escape-string-regexp@https://registry.npmmirror.com/escape-string-regexp/-/escape-string-regexp-4.0.0.tgz. Extracting by manifest.
634 silly tarball no local data for escalade@https://registry.npmmirror.com/escalade/-/escalade-3.2.0.tgz. Extracting by manifest.
635 silly tarball no local data for es-to-primitive@https://registry.npmmirror.com/es-to-primitive/-/es-to-primitive-1.3.0.tgz. Extracting by manifest.
636 silly tarball no local data for eslint@https://registry.npmmirror.com/eslint/-/eslint-9.39.4.tgz. Extracting by manifest.
637 silly tarball no local data for es-shim-unscopables@https://registry.npmmirror.com/es-shim-unscopables/-/es-shim-unscopables-1.1.0.tgz. Extracting by manifest.
638 silly tarball no local data for es-set-tostringtag@https://registry.npmmirror.com/es-set-tostringtag/-/es-set-tostringtag-2.1.0.tgz. Extracting by manifest.
639 silly tarball no local data for es-iterator-helpers@https://registry.npmmirror.com/es-iterator-helpers/-/es-iterator-helpers-1.3.2.tgz. Extracting by manifest.
640 silly tarball no local data for es-object-atoms@https://registry.npmmirror.com/es-object-atoms/-/es-object-atoms-1.1.1.tgz. Extracting by manifest.
641 silly tarball no local data for es-define-property@https://registry.npmmirror.com/es-define-property/-/es-define-property-1.0.1.tgz. Extracting by manifest.
642 silly tarball no local data for es-errors@https://registry.npmmirror.com/es-errors/-/es-errors-1.3.0.tgz. Extracting by manifest.
643 silly tarball no local data for enhanced-resolve@https://registry.npmmirror.com/enhanced-resolve/-/enhanced-resolve-5.21.3.tgz. Extracting by manifest.
644 silly tarball no local data for empathic@https://registry.npmmirror.com/empathic/-/empathic-2.0.0.tgz. Extracting by manifest.
645 silly tarball no local data for emoji-regex@https://registry.npmmirror.com/emoji-regex/-/emoji-regex-9.2.2.tgz. Extracting by manifest.
646 silly tarball no local data for electron-to-chromium@https://registry.npmmirror.com/electron-to-chromium/-/electron-to-chromium-1.5.357.tgz. Extracting by manifest.
647 silly tarball no local data for effect@https://registry.npmmirror.com/effect/-/effect-3.21.0.tgz. Extracting by manifest.
648 silly tarball no local data for dunder-proto@https://registry.npmmirror.com/dunder-proto/-/dunder-proto-1.0.1.tgz. Extracting by manifest.
649 silly tarball no local data for dotenv@https://registry.npmmirror.com/dotenv/-/dotenv-16.6.1.tgz. Extracting by manifest.
650 silly tarball no local data for doctrine@https://registry.npmmirror.com/doctrine/-/doctrine-2.1.0.tgz. Extracting by manifest.
651 silly tarball no local data for destr@https://registry.npmmirror.com/destr/-/destr-2.0.5.tgz. Extracting by manifest.
652 silly tarball no local data for define-properties@https://registry.npmmirror.com/define-properties/-/define-properties-1.2.1.tgz. Extracting by manifest.
653 silly tarball no local data for detect-libc@https://registry.npmmirror.com/detect-libc/-/detect-libc-2.1.2.tgz. Extracting by manifest.
654 silly tarball no local data for defu@https://registry.npmmirror.com/defu/-/defu-6.1.7.tgz. Extracting by manifest.
655 silly tarball no local data for define-data-property@https://registry.npmmirror.com/define-data-property/-/define-data-property-1.1.4.tgz. Extracting by manifest.
656 silly tarball no local data for deepmerge-ts@https://registry.npmmirror.com/deepmerge-ts/-/deepmerge-ts-7.1.5.tgz. Extracting by manifest.
657 silly tarball no local data for deep-is@https://registry.npmmirror.com/deep-is/-/deep-is-0.1.4.tgz. Extracting by manifest.
658 silly tarball no local data for debug@https://registry.npmmirror.com/debug/-/debug-4.4.3.tgz. Extracting by manifest.
659 silly tarball no local data for data-view-byte-offset@https://registry.npmmirror.com/data-view-byte-offset/-/data-view-byte-offset-1.0.1.tgz. Extracting by manifest.
660 silly tarball no local data for es-abstract@https://registry.npmmirror.com/es-abstract/-/es-abstract-1.24.2.tgz. Extracting by manifest.
661 silly tarball no local data for data-view-byte-length@https://registry.npmmirror.com/data-view-byte-length/-/data-view-byte-length-1.0.2.tgz. Extracting by manifest.
662 silly tarball no local data for data-view-buffer@https://registry.npmmirror.com/data-view-buffer/-/data-view-buffer-1.0.2.tgz. Extracting by manifest.
663 silly tarball no local data for csstype@https://registry.npmmirror.com/csstype/-/csstype-3.2.3.tgz. Extracting by manifest.
664 silly tarball no local data for cross-spawn@https://registry.npmmirror.com/cross-spawn/-/cross-spawn-7.0.6.tgz. Extracting by manifest.
665 silly tarball no local data for convert-source-map@https://registry.npmmirror.com/convert-source-map/-/convert-source-map-2.0.0.tgz. Extracting by manifest.
666 silly tarball no local data for consola@https://registry.npmmirror.com/consola/-/consola-3.4.2.tgz. Extracting by manifest.
667 silly tarball no local data for confbox@https://registry.npmmirror.com/confbox/-/confbox-0.2.4.tgz. Extracting by manifest.
668 silly tarball no local data for color-convert@https://registry.npmmirror.com/color-convert/-/color-convert-2.0.1.tgz. Extracting by manifest.
669 silly tarball no local data for color-name@https://registry.npmmirror.com/color-name/-/color-name-1.1.4.tgz. Extracting by manifest.
670 silly tarball no local data for concat-map@https://registry.npmmirror.com/concat-map/-/concat-map-0.0.1.tgz. Extracting by manifest.
671 silly tarball no local data for client-only@https://registry.npmmirror.com/client-only/-/client-only-0.0.1.tgz. Extracting by manifest.
672 silly tarball no local data for citty@https://registry.npmmirror.com/citty/-/citty-0.1.6.tgz. Extracting by manifest.
673 silly tarball no local data for chokidar@https://registry.npmmirror.com/chokidar/-/chokidar-4.0.3.tgz. Extracting by manifest.
674 silly tarball no local data for chalk@https://registry.npmmirror.com/chalk/-/chalk-4.1.2.tgz. Extracting by manifest.
675 silly tarball no local data for caniuse-lite@https://registry.npmmirror.com/caniuse-lite/-/caniuse-lite-1.0.30001793.tgz. Extracting by manifest.
676 silly tarball no local data for callsites@https://registry.npmmirror.com/callsites/-/callsites-3.1.0.tgz. Extracting by manifest.
677 silly tarball no local data for call-bound@https://registry.npmmirror.com/call-bound/-/call-bound-1.0.4.tgz. Extracting by manifest.
678 silly tarball no local data for call-bind-apply-helpers@https://registry.npmmirror.com/call-bind-apply-helpers/-/call-bind-apply-helpers-1.0.2.tgz. Extracting by manifest.
679 silly tarball no local data for c12@https://registry.npmmirror.com/c12/-/c12-3.1.0.tgz. Extracting by manifest.
680 silly tarball no local data for call-bind@https://registry.npmmirror.com/call-bind/-/call-bind-1.0.9.tgz. Extracting by manifest.
681 silly tarball no local data for browserslist@https://registry.npmmirror.com/browserslist/-/browserslist-4.28.2.tgz. Extracting by manifest.
682 silly tarball no local data for braces@https://registry.npmmirror.com/braces/-/braces-3.0.3.tgz. Extracting by manifest.
683 silly tarball no local data for balanced-match@https://registry.npmmirror.com/balanced-match/-/balanced-match-1.0.2.tgz. Extracting by manifest.
684 silly tarball no local data for brace-expansion@https://registry.npmmirror.com/brace-expansion/-/brace-expansion-1.1.14.tgz. Extracting by manifest.
685 silly tarball no local data for baseline-browser-mapping@https://registry.npmmirror.com/baseline-browser-mapping/-/baseline-browser-mapping-2.10.30.tgz. Extracting by manifest.
686 silly tarball no local data for axe-core@https://registry.npmmirror.com/axe-core/-/axe-core-4.11.4.tgz. Extracting by manifest.
687 silly tarball no local data for async-function@https://registry.npmmirror.com/async-function/-/async-function-1.0.0.tgz. Extracting by manifest.
688 silly tarball no local data for axobject-query@https://registry.npmmirror.com/axobject-query/-/axobject-query-4.1.0.tgz. Extracting by manifest.
689 silly tarball no local data for available-typed-arrays@https://registry.npmmirror.com/available-typed-arrays/-/available-typed-arrays-1.0.7.tgz. Extracting by manifest.
690 silly tarball no local data for ast-types-flow@https://registry.npmmirror.com/ast-types-flow/-/ast-types-flow-0.0.8.tgz. Extracting by manifest.
691 silly tarball no local data for array.prototype.tosorted@https://registry.npmmirror.com/array.prototype.tosorted/-/array.prototype.tosorted-1.1.4.tgz. Extracting by manifest.
692 silly tarball no local data for arraybuffer.prototype.slice@https://registry.npmmirror.com/arraybuffer.prototype.slice/-/arraybuffer.prototype.slice-1.0.4.tgz. Extracting by manifest.
693 silly tarball no local data for array.prototype.findlastindex@https://registry.npmmirror.com/array.prototype.findlastindex/-/array.prototype.findlastindex-1.2.6.tgz. Extracting by manifest.
694 silly tarball no local data for array.prototype.findlast@https://registry.npmmirror.com/array.prototype.findlast/-/array.prototype.findlast-1.2.5.tgz. Extracting by manifest.
695 silly tarball no local data for array.prototype.flatmap@https://registry.npmmirror.com/array.prototype.flatmap/-/array.prototype.flatmap-1.3.3.tgz. Extracting by manifest.
696 silly tarball no local data for array-includes@https://registry.npmmirror.com/array-includes/-/array-includes-3.1.9.tgz. Extracting by manifest.
697 silly tarball no local data for array.prototype.flat@https://registry.npmmirror.com/array.prototype.flat/-/array.prototype.flat-1.3.3.tgz. Extracting by manifest.
698 silly tarball no local data for aria-query@https://registry.npmmirror.com/aria-query/-/aria-query-5.3.2.tgz. Extracting by manifest.
699 silly tarball no local data for array-buffer-byte-length@https://registry.npmmirror.com/array-buffer-byte-length/-/array-buffer-byte-length-1.0.2.tgz. Extracting by manifest.
700 silly tarball no local data for ajv@https://registry.npmmirror.com/ajv/-/ajv-6.15.0.tgz. Extracting by manifest.
701 silly tarball no local data for argparse@https://registry.npmmirror.com/argparse/-/argparse-2.0.1.tgz. Extracting by manifest.
702 silly tarball no local data for acorn@https://registry.npmmirror.com/acorn/-/acorn-8.16.0.tgz. Extracting by manifest.
703 silly tarball no local data for @unrs/resolver-binding-win32-x64-msvc@https://registry.npmmirror.com/@unrs/resolver-binding-win32-x64-msvc/-/resolver-binding-win32-x64-msvc-1.11.1.tgz. Extracting by manifest.
704 silly tarball no local data for acorn-jsx@https://registry.npmmirror.com/acorn-jsx/-/acorn-jsx-5.3.2.tgz. Extracting by manifest.
705 silly tarball no local data for @typescript-eslint/visitor-keys@https://registry.npmmirror.com/@typescript-eslint/visitor-keys/-/visitor-keys-8.59.3.tgz. Extracting by manifest.
706 silly tarball no local data for ansi-styles@https://registry.npmmirror.com/ansi-styles/-/ansi-styles-4.3.0.tgz. Extracting by manifest.
707 silly tarball no local data for @typescript-eslint/typescript-estree@https://registry.npmmirror.com/@typescript-eslint/typescript-estree/-/typescript-estree-8.59.3.tgz. Extracting by manifest.
708 silly tarball no local data for @typescript-eslint/utils@https://registry.npmmirror.com/@typescript-eslint/utils/-/utils-8.59.3.tgz. Extracting by manifest.
709 silly tarball no local data for @typescript-eslint/types@https://registry.npmmirror.com/@typescript-eslint/types/-/types-8.59.3.tgz. Extracting by manifest.
710 silly tarball no local data for @typescript-eslint/type-utils@https://registry.npmmirror.com/@typescript-eslint/type-utils/-/type-utils-8.59.3.tgz. Extracting by manifest.
711 silly tarball no local data for @typescript-eslint/tsconfig-utils@https://registry.npmmirror.com/@typescript-eslint/tsconfig-utils/-/tsconfig-utils-8.59.3.tgz. Extracting by manifest.
712 silly tarball no local data for @typescript-eslint/scope-manager@https://registry.npmmirror.com/@typescript-eslint/scope-manager/-/scope-manager-8.59.3.tgz. Extracting by manifest.
713 silly tarball no local data for @types/react-dom@https://registry.npmmirror.com/@types/react-dom/-/react-dom-19.2.3.tgz. Extracting by manifest.
714 silly tarball no local data for @types/react@https://registry.npmmirror.com/@types/react/-/react-19.2.14.tgz. Extracting by manifest.
715 silly tarball no local data for @types/node@https://registry.npmmirror.com/@types/node/-/node-20.19.41.tgz. Extracting by manifest.
716 silly tarball no local data for @typescript-eslint/eslint-plugin@https://registry.npmmirror.com/@typescript-eslint/eslint-plugin/-/eslint-plugin-8.59.3.tgz. Extracting by manifest.
717 silly tarball no local data for @typescript-eslint/parser@https://registry.npmmirror.com/@typescript-eslint/parser/-/parser-8.59.3.tgz. Extracting by manifest.
718 silly tarball no local data for @typescript-eslint/project-service@https://registry.npmmirror.com/@typescript-eslint/project-service/-/project-service-8.59.3.tgz. Extracting by manifest.
719 silly tarball no local data for @types/json5@https://registry.npmmirror.com/@types/json5/-/json5-0.0.29.tgz. Extracting by manifest.
720 silly tarball no local data for @tybys/wasm-util@https://registry.npmmirror.com/@tybys/wasm-util/-/wasm-util-0.10.2.tgz. Extracting by manifest.
721 silly tarball no local data for @tailwindcss/oxide-win32-x64-msvc@https://registry.npmmirror.com/@tailwindcss/oxide-win32-x64-msvc/-/oxide-win32-x64-msvc-4.3.0.tgz. Extracting by manifest.
722 silly tarball no local data for @types/estree@https://registry.npmmirror.com/@types/estree/-/estree-1.0.9.tgz. Extracting by manifest.
723 silly tarball no local data for @types/json-schema@https://registry.npmmirror.com/@types/json-schema/-/json-schema-7.0.15.tgz. Extracting by manifest.
724 silly tarball no local data for @tailwindcss/oxide@https://registry.npmmirror.com/@tailwindcss/oxide/-/oxide-4.3.0.tgz. Extracting by manifest.
725 silly tarball no local data for @tailwindcss/postcss@https://registry.npmmirror.com/@tailwindcss/postcss/-/postcss-4.3.0.tgz. Extracting by manifest.
726 silly tarball no local data for @tailwindcss/node@https://registry.npmmirror.com/@tailwindcss/node/-/node-4.3.0.tgz. Extracting by manifest.
727 silly tarball no local data for @rtsao/scc@https://registry.npmmirror.com/@rtsao/scc/-/scc-1.1.0.tgz. Extracting by manifest.
728 silly tarball no local data for damerau-levenshtein@https://registry.npmmirror.com/damerau-levenshtein/-/damerau-levenshtein-1.0.8.tgz. Extracting by manifest.
729 silly tarball no local data for @standard-schema/spec@https://registry.npmmirror.com/@standard-schema/spec/-/spec-1.1.0.tgz. Extracting by manifest.
730 silly tarball no local data for @swc/helpers@https://registry.npmmirror.com/@swc/helpers/-/helpers-0.5.15.tgz. Extracting by manifest.
731 silly tarball no local data for @prisma/get-platform@https://registry.npmmirror.com/@prisma/get-platform/-/get-platform-6.19.3.tgz. Extracting by manifest.
732 silly tarball no local data for @prisma/fetch-engine@https://registry.npmmirror.com/@prisma/fetch-engine/-/fetch-engine-6.19.3.tgz. Extracting by manifest.
733 silly tarball no local data for @prisma/engines-version@https://registry.npmmirror.com/@prisma/engines-version/-/engines-version-7.1.1-3.c2990dca591cba766e3b7ef5d9e8a84796e47ab7.tgz. Extracting by manifest.
734 silly tarball no local data for @prisma/engines@https://registry.npmmirror.com/@prisma/engines/-/engines-6.19.3.tgz. Extracting by manifest.
735 silly tarball no local data for @prisma/config@https://registry.npmmirror.com/@prisma/config/-/config-6.19.3.tgz. Extracting by manifest.
736 silly tarball no local data for @nolyfill/is-core-module@https://registry.npmmirror.com/@nolyfill/is-core-module/-/is-core-module-1.0.39.tgz. Extracting by manifest.
737 silly tarball no local data for @prisma/client@https://registry.npmmirror.com/@prisma/client/-/client-6.19.3.tgz. Extracting by manifest.
738 silly tarball no local data for @prisma/debug@https://registry.npmmirror.com/@prisma/debug/-/debug-6.19.3.tgz. Extracting by manifest.
739 silly tarball no local data for @nodelib/fs.walk@https://registry.npmmirror.com/@nodelib/fs.walk/-/fs.walk-1.2.8.tgz. Extracting by manifest.
740 silly tarball no local data for @nodelib/fs.scandir@https://registry.npmmirror.com/@nodelib/fs.scandir/-/fs.scandir-2.1.5.tgz. Extracting by manifest.
741 silly tarball no local data for @next/eslint-plugin-next@https://registry.npmmirror.com/@next/eslint-plugin-next/-/eslint-plugin-next-16.2.6.tgz. Extracting by manifest.
742 silly tarball no local data for @next/env@https://registry.npmmirror.com/@next/env/-/env-16.2.6.tgz. Extracting by manifest.
743 silly tarball no local data for @next/swc-win32-x64-msvc@https://registry.npmmirror.com/@next/swc-win32-x64-msvc/-/swc-win32-x64-msvc-16.2.6.tgz. Extracting by manifest.
744 silly tarball no local data for @napi-rs/wasm-runtime@https://registry.npmmirror.com/@napi-rs/wasm-runtime/-/wasm-runtime-0.2.12.tgz. Extracting by manifest.
745 silly tarball no local data for @nodelib/fs.stat@https://registry.npmmirror.com/@nodelib/fs.stat/-/fs.stat-2.0.5.tgz. Extracting by manifest.
746 silly tarball no local data for @jridgewell/remapping@https://registry.npmmirror.com/@jridgewell/remapping/-/remapping-2.3.5.tgz. Extracting by manifest.
747 silly tarball no local data for @jridgewell/trace-mapping@https://registry.npmmirror.com/@jridgewell/trace-mapping/-/trace-mapping-0.3.31.tgz. Extracting by manifest.
748 silly tarball no local data for @jridgewell/sourcemap-codec@https://registry.npmmirror.com/@jridgewell/sourcemap-codec/-/sourcemap-codec-1.5.5.tgz. Extracting by manifest.
749 silly tarball no local data for @img/sharp-win32-x64@https://registry.npmmirror.com/@img/sharp-win32-x64/-/sharp-win32-x64-0.34.5.tgz. Extracting by manifest.
750 silly tarball no local data for @jridgewell/resolve-uri@https://registry.npmmirror.com/@jridgewell/resolve-uri/-/resolve-uri-3.1.2.tgz. Extracting by manifest.
751 silly tarball no local data for @jridgewell/gen-mapping@https://registry.npmmirror.com/@jridgewell/gen-mapping/-/gen-mapping-0.3.13.tgz. Extracting by manifest.
752 silly tarball no local data for @humanwhocodes/module-importer@https://registry.npmmirror.com/@humanwhocodes/module-importer/-/module-importer-1.0.1.tgz. Extracting by manifest.
753 silly tarball no local data for @humanwhocodes/retry@https://registry.npmmirror.com/@humanwhocodes/retry/-/retry-0.4.3.tgz. Extracting by manifest.
754 silly tarball no local data for @img/colour@https://registry.npmmirror.com/@img/colour/-/colour-1.1.0.tgz. Extracting by manifest.
755 silly tarball no local data for @eslint/object-schema@https://registry.npmmirror.com/@eslint/object-schema/-/object-schema-2.1.7.tgz. Extracting by manifest.
756 silly tarball no local data for @humanfs/node@https://registry.npmmirror.com/@humanfs/node/-/node-0.16.8.tgz. Extracting by manifest.
757 silly tarball no local data for @eslint/plugin-kit@https://registry.npmmirror.com/@eslint/plugin-kit/-/plugin-kit-0.4.1.tgz. Extracting by manifest.
758 silly tarball no local data for @humanfs/core@https://registry.npmmirror.com/@humanfs/core/-/core-0.19.2.tgz. Extracting by manifest.
759 silly tarball no local data for @humanfs/types@https://registry.npmmirror.com/@humanfs/types/-/types-0.15.0.tgz. Extracting by manifest.
760 silly tarball no local data for @eslint/core@https://registry.npmmirror.com/@eslint/core/-/core-0.17.0.tgz. Extracting by manifest.
761 silly tarball no local data for @eslint/eslintrc@https://registry.npmmirror.com/@eslint/eslintrc/-/eslintrc-3.3.5.tgz. Extracting by manifest.
762 silly tarball no local data for @eslint/config-helpers@https://registry.npmmirror.com/@eslint/config-helpers/-/config-helpers-0.4.2.tgz. Extracting by manifest.
763 silly tarball no local data for @eslint/config-array@https://registry.npmmirror.com/@eslint/config-array/-/config-array-0.21.2.tgz. Extracting by manifest.
764 silly tarball no local data for @eslint/js@https://registry.npmmirror.com/@eslint/js/-/js-9.39.4.tgz. Extracting by manifest.
765 silly tarball no local data for @eslint-community/regexpp@https://registry.npmmirror.com/@eslint-community/regexpp/-/regexpp-4.12.2.tgz. Extracting by manifest.
766 silly tarball no local data for @emnapi/wasi-threads@https://registry.npmmirror.com/@emnapi/wasi-threads/-/wasi-threads-1.2.1.tgz. Extracting by manifest.
767 silly tarball no local data for @eslint-community/eslint-utils@https://registry.npmmirror.com/@eslint-community/eslint-utils/-/eslint-utils-4.9.1.tgz. Extracting by manifest.
768 silly tarball no local data for @emnapi/core@https://registry.npmmirror.com/@emnapi/core/-/core-1.10.0.tgz. Extracting by manifest.
769 silly tarball no local data for @emnapi/runtime@https://registry.npmmirror.com/@emnapi/runtime/-/runtime-1.10.0.tgz. Extracting by manifest.
770 silly tarball no local data for @babel/traverse@https://registry.npmmirror.com/@babel/traverse/-/traverse-7.29.0.tgz. Extracting by manifest.
771 silly tarball no local data for @babel/template@https://registry.npmmirror.com/@babel/template/-/template-7.28.6.tgz. Extracting by manifest.
772 silly tarball no local data for @babel/types@https://registry.npmmirror.com/@babel/types/-/types-7.29.0.tgz. Extracting by manifest.
773 silly tarball no local data for @babel/helpers@https://registry.npmmirror.com/@babel/helpers/-/helpers-7.29.2.tgz. Extracting by manifest.
774 silly tarball no local data for @babel/parser@https://registry.npmmirror.com/@babel/parser/-/parser-7.29.3.tgz. Extracting by manifest.
775 silly tarball no local data for @babel/helper-validator-identifier@https://registry.npmmirror.com/@babel/helper-validator-identifier/-/helper-validator-identifier-7.28.5.tgz. Extracting by manifest.
776 silly tarball no local data for @babel/helper-string-parser@https://registry.npmmirror.com/@babel/helper-string-parser/-/helper-string-parser-7.27.1.tgz. Extracting by manifest.
777 silly tarball no local data for @babel/helper-validator-option@https://registry.npmmirror.com/@babel/helper-validator-option/-/helper-validator-option-7.27.1.tgz. Extracting by manifest.
778 silly tarball no local data for @babel/helper-module-transforms@https://registry.npmmirror.com/@babel/helper-module-transforms/-/helper-module-transforms-7.28.6.tgz. Extracting by manifest.
779 silly tarball no local data for @babel/helper-module-imports@https://registry.npmmirror.com/@babel/helper-module-imports/-/helper-module-imports-7.28.6.tgz. Extracting by manifest.
780 silly tarball no local data for @babel/helper-globals@https://registry.npmmirror.com/@babel/helper-globals/-/helper-globals-7.28.0.tgz. Extracting by manifest.
781 silly tarball no local data for @babel/generator@https://registry.npmmirror.com/@babel/generator/-/generator-7.29.1.tgz. Extracting by manifest.
782 silly tarball no local data for @alloc/quick-lru@https://registry.npmmirror.com/@alloc/quick-lru/-/quick-lru-5.2.0.tgz. Extracting by manifest.
783 silly tarball no local data for @babel/core@https://registry.npmmirror.com/@babel/core/-/core-7.29.0.tgz. Extracting by manifest.
784 silly tarball no local data for @babel/code-frame@https://registry.npmmirror.com/@babel/code-frame/-/code-frame-7.29.0.tgz. Extracting by manifest.
785 silly tarball no local data for json5@https://registry.npmmirror.com/json5/-/json5-1.0.2.tgz. Extracting by manifest.
786 silly tarball no local data for @babel/compat-data@https://registry.npmmirror.com/@babel/compat-data/-/compat-data-7.29.3.tgz. Extracting by manifest.
787 silly tarball no local data for semver@https://registry.npmmirror.com/semver/-/semver-7.8.0.tgz. Extracting by manifest.
788 silly tarball no local data for @babel/helper-compilation-targets@https://registry.npmmirror.com/@babel/helper-compilation-targets/-/helper-compilation-targets-7.28.6.tgz. Extracting by manifest.
789 silly tarball no local data for picomatch@https://registry.npmmirror.com/picomatch/-/picomatch-4.0.4.tgz. Extracting by manifest.
790 silly tarball no local data for fdir@https://registry.npmmirror.com/fdir/-/fdir-6.5.0.tgz. Extracting by manifest.
791 silly tarball no local data for postcss@https://registry.npmmirror.com/postcss/-/postcss-8.4.31.tgz. Extracting by manifest.
792 silly tarball no local data for citty@https://registry.npmmirror.com/citty/-/citty-0.2.2.tgz. Extracting by manifest.
793 silly tarball no local data for semver@https://registry.npmmirror.com/semver/-/semver-7.8.0.tgz. Extracting by manifest.
794 silly tarball no local data for debug@https://registry.npmmirror.com/debug/-/debug-3.2.7.tgz. Extracting by manifest.
795 silly tarball no local data for glob-parent@https://registry.npmmirror.com/glob-parent/-/glob-parent-5.1.2.tgz. Extracting by manifest.
796 silly tarball no local data for debug@https://registry.npmmirror.com/debug/-/debug-3.2.7.tgz. Extracting by manifest.
797 silly tarball no local data for debug@https://registry.npmmirror.com/debug/-/debug-3.2.7.tgz. Extracting by manifest.
798 silly tarball no local data for minimatch@https://registry.npmmirror.com/minimatch/-/minimatch-10.2.5.tgz. Extracting by manifest.
799 silly tarball no local data for globals@https://registry.npmmirror.com/globals/-/globals-16.4.0.tgz. Extracting by manifest.
800 silly tarball no local data for eslint-visitor-keys@https://registry.npmmirror.com/eslint-visitor-keys/-/eslint-visitor-keys-5.0.1.tgz. Extracting by manifest.
801 silly tarball no local data for ignore@https://registry.npmmirror.com/ignore/-/ignore-7.0.5.tgz. Extracting by manifest.
802 silly tarball no local data for brace-expansion@https://registry.npmmirror.com/brace-expansion/-/brace-expansion-5.0.6.tgz. Extracting by manifest.
803 silly tarball no local data for eslint-visitor-keys@https://registry.npmmirror.com/eslint-visitor-keys/-/eslint-visitor-keys-3.4.3.tgz. Extracting by manifest.
804 silly tarball no local data for balanced-match@https://registry.npmmirror.com/balanced-match/-/balanced-match-4.0.4.tgz. Extracting by manifest.
805 silly tarball no local data for semver@https://registry.npmmirror.com/semver/-/semver-7.8.0.tgz. Extracting by manifest.
806 http fetch GET https://registry.npmmirror.com/zod/-/zod-4.4.3.tgz attempt 1 failed with EACCES
807 http fetch GET https://registry.npmmirror.com/zod-validation-error/-/zod-validation-error-4.0.2.tgz attempt 1 failed with EACCES
808 http fetch GET https://registry.npmmirror.com/yocto-queue/-/yocto-queue-0.1.0.tgz attempt 1 failed with EACCES
809 http fetch GET https://registry.npmmirror.com/yallist/-/yallist-3.1.1.tgz attempt 1 failed with EACCES
810 http fetch GET https://registry.npmmirror.com/which-collection/-/which-collection-1.0.2.tgz attempt 1 failed with EACCES
811 http fetch GET https://registry.npmmirror.com/which-typed-array/-/which-typed-array-1.1.20.tgz attempt 1 failed with EACCES
812 http fetch GET https://registry.npmmirror.com/word-wrap/-/word-wrap-1.2.5.tgz attempt 1 failed with EACCES
813 http fetch GET https://registry.npmmirror.com/which-builtin-type/-/which-builtin-type-1.2.1.tgz attempt 1 failed with EACCES
814 http fetch GET https://registry.npmmirror.com/which-boxed-primitive/-/which-boxed-primitive-1.1.1.tgz attempt 1 failed with EACCES
815 http fetch GET https://registry.npmmirror.com/which/-/which-2.0.2.tgz attempt 1 failed with EACCES
816 http fetch GET https://registry.npmmirror.com/uri-js/-/uri-js-4.4.1.tgz attempt 1 failed with EACCES
817 http fetch GET https://registry.npmmirror.com/unrs-resolver/-/unrs-resolver-1.11.1.tgz attempt 1 failed with EACCES
818 http fetch GET https://registry.npmmirror.com/undici-types/-/undici-types-6.21.0.tgz attempt 1 failed with EACCES
819 http fetch GET https://registry.npmmirror.com/unbox-primitive/-/unbox-primitive-1.1.0.tgz attempt 1 failed with EACCES
820 http fetch GET https://registry.npmmirror.com/typescript-eslint/-/typescript-eslint-8.59.3.tgz attempt 1 failed with EACCES
821 http fetch GET https://registry.npmmirror.com/npm attempt 2 failed with EACCES
822 http fetch GET https://registry.npmmirror.com/zod/-/zod-4.4.3.tgz attempt 2 failed with EACCES
823 http fetch GET https://registry.npmmirror.com/zod-validation-error/-/zod-validation-error-4.0.2.tgz attempt 2 failed with EACCES
824 http fetch GET https://registry.npmmirror.com/yocto-queue/-/yocto-queue-0.1.0.tgz attempt 2 failed with EACCES
825 http fetch GET https://registry.npmmirror.com/yallist/-/yallist-3.1.1.tgz attempt 2 failed with EACCES
826 http fetch GET https://registry.npmmirror.com/which-collection/-/which-collection-1.0.2.tgz attempt 2 failed with EACCES
827 http fetch GET https://registry.npmmirror.com/which-typed-array/-/which-typed-array-1.1.20.tgz attempt 2 failed with EACCES
828 http fetch GET https://registry.npmmirror.com/word-wrap/-/word-wrap-1.2.5.tgz attempt 2 failed with EACCES
829 http fetch GET https://registry.npmmirror.com/which-builtin-type/-/which-builtin-type-1.2.1.tgz attempt 2 failed with EACCES
830 http fetch GET https://registry.npmmirror.com/which-boxed-primitive/-/which-boxed-primitive-1.1.1.tgz attempt 2 failed with EACCES
831 http fetch GET https://registry.npmmirror.com/which/-/which-2.0.2.tgz attempt 2 failed with EACCES
832 http fetch GET https://registry.npmmirror.com/uri-js/-/uri-js-4.4.1.tgz attempt 2 failed with EACCES
833 http fetch GET https://registry.npmmirror.com/unrs-resolver/-/unrs-resolver-1.11.1.tgz attempt 2 failed with EACCES
834 http fetch GET https://registry.npmmirror.com/undici-types/-/undici-types-6.21.0.tgz attempt 2 failed with EACCES
835 http fetch GET https://registry.npmmirror.com/unbox-primitive/-/unbox-primitive-1.1.0.tgz attempt 2 failed with EACCES
836 http fetch GET https://registry.npmmirror.com/typescript-eslint/-/typescript-eslint-8.59.3.tgz attempt 2 failed with EACCES
837 http fetch GET https://registry.npmmirror.com/npm attempt 3 failed with EACCES
838 http fetch GET https://registry.npmmirror.com/zod/-/zod-4.4.3.tgz attempt 3 failed with EACCES
839 http fetch GET https://registry.npmmirror.com/zod-validation-error/-/zod-validation-error-4.0.2.tgz attempt 3 failed with EACCES
840 http fetch GET https://registry.npmmirror.com/yocto-queue/-/yocto-queue-0.1.0.tgz attempt 3 failed with EACCES
841 http fetch GET https://registry.npmmirror.com/yallist/-/yallist-3.1.1.tgz attempt 3 failed with EACCES
842 http fetch GET https://registry.npmmirror.com/which-collection/-/which-collection-1.0.2.tgz attempt 3 failed with EACCES
843 http fetch GET https://registry.npmmirror.com/which-typed-array/-/which-typed-array-1.1.20.tgz attempt 3 failed with EACCES
844 http fetch GET https://registry.npmmirror.com/word-wrap/-/word-wrap-1.2.5.tgz attempt 3 failed with EACCES
845 http fetch GET https://registry.npmmirror.com/which-builtin-type/-/which-builtin-type-1.2.1.tgz attempt 3 failed with EACCES
846 http fetch GET https://registry.npmmirror.com/which-boxed-primitive/-/which-boxed-primitive-1.1.1.tgz attempt 3 failed with EACCES
847 http fetch GET https://registry.npmmirror.com/which/-/which-2.0.2.tgz attempt 3 failed with EACCES
848 http fetch GET https://registry.npmmirror.com/uri-js/-/uri-js-4.4.1.tgz attempt 3 failed with EACCES
849 http fetch GET https://registry.npmmirror.com/unrs-resolver/-/unrs-resolver-1.11.1.tgz attempt 3 failed with EACCES
850 http fetch GET https://registry.npmmirror.com/undici-types/-/undici-types-6.21.0.tgz attempt 3 failed with EACCES
851 http fetch GET https://registry.npmmirror.com/unbox-primitive/-/unbox-primitive-1.1.0.tgz attempt 3 failed with EACCES
852 http fetch GET https://registry.npmmirror.com/typescript-eslint/-/typescript-eslint-8.59.3.tgz attempt 3 failed with EACCES
853 verbose cwd C:\Users\expert\Documents\Codex\2026-06-03\c-users-expert-desktop-novax-pro
854 verbose os Windows_NT 10.0.26200
855 verbose node v24.15.0
856 verbose npm  v11.12.1
857 error Exit handler never called!
858 error This is an error with npm itself. Please report this error at:
859 error   <https://github.com/npm/cli/issues>
860 verbose exit 1
861 verbose code 1
862 error A complete log of this run can be found in: C:\Users\expert\Documents\Codex\2026-06-03\c-users-expert-desktop-novax-pro\.npm-cache\_logs\2026-06-03T13_10_50_903Z-debug-0.log
