0 verbose cli D:\Program Files\nodejs\node.exe D:\Program Files\nodejs\node_modules\npm\bin\npm-cli.js
1 info using npm@11.12.1
2 info using node@v24.15.0
3 silly config load:file:D:\Program Files\nodejs\node_modules\npm\npmrc
4 silly config load:file:C:\Users\expert\Documents\Codex\2026-06-03\c-users-expert-desktop-novax-pro\.npmrc
5 silly config load:file:C:\Users\expert\.npmrc
6 silly config load:file:C:\Users\expert\AppData\Roaming\npm\etc\npmrc
7 verbose title npm install
8 verbose argv "install" "--force" "--cache" ".\\.npm-cache" "--prefer-online"
9 verbose logfile logs-max:10 dir:C:\Users\expert\Documents\Codex\2026-06-03\c-users-expert-desktop-novax-pro\.npm-cache\_logs\2026-06-03T13_12_45_492Z-
10 verbose logfile C:\Users\expert\Documents\Codex\2026-06-03\c-users-expert-desktop-novax-pro\.npm-cache\_logs\2026-06-03T13_12_45_492Z-debug-0.log
11 warn using --force Recommended protections disabled.
12 silly logfile done cleaning log files
13 silly packumentCache heap:4496293888 maxSize:1124073472 maxEntrySize:562036736
14 silly idealTree buildDeps
15 silly reify mark retired [
15 silly reify   'C:\\Users\\expert\\Documents\\Codex\\2026-06-03\\c-users-expert-desktop-novax-pro\\node_modules\\acorn'
15 silly reify ]
16 silly reify mark retired [
16 silly reify   'C:\\Users\\expert\\Documents\\Codex\\2026-06-03\\c-users-expert-desktop-novax-pro\\node_modules\\ansi-styles'
16 silly reify ]
17 silly reify mark retired [
17 silly reify   'C:\\Users\\expert\\Documents\\Codex\\2026-06-03\\c-users-expert-desktop-novax-pro\\node_modules\\acorn-jsx'
17 silly reify ]
18 silly reify mark retired [
18 silly reify   'C:\\Users\\expert\\Documents\\Codex\\2026-06-03\\c-users-expert-desktop-novax-pro\\node_modules\\argparse'
18 silly reify ]
19 silly reify mark retired [
19 silly reify   'C:\\Users\\expert\\Documents\\Codex\\2026-06-03\\c-users-expert-desktop-novax-pro\\node_modules\\ajv'
19 silly reify ]
20 silly reify mark retired [
20 silly reify   'C:\\Users\\expert\\Documents\\Codex\\2026-06-03\\c-users-expert-desktop-novax-pro\\node_modules\\aria-query'
20 silly reify ]
21 silly reify mark retired [
21 silly reify   'C:\\Users\\expert\\Documents\\Codex\\2026-06-03\\c-users-expert-desktop-novax-pro\\node_modules\\array-buffer-byte-length'
21 silly reify ]
22 silly reify mark retired [
22 silly reify   'C:\\Users\\expert\\Documents\\Codex\\2026-06-03\\c-users-expert-desktop-novax-pro\\node_modules\\array.prototype.findlastindex'
22 silly reify ]
23 silly reify mark retired [
23 silly reify   'C:\\Users\\expert\\Documents\\Codex\\2026-06-03\\c-users-expert-desktop-novax-pro\\node_modules\\array.prototype.flatmap'
23 silly reify ]
24 silly reify mark retired [
24 silly reify   'C:\\Users\\expert\\Documents\\Codex\\2026-06-03\\c-users-expert-desktop-novax-pro\\node_modules\\array-includes'
24 silly reify ]
25 silly reify mark retired [
25 silly reify   'C:\\Users\\expert\\Documents\\Codex\\2026-06-03\\c-users-expert-desktop-novax-pro\\node_modules\\array.prototype.flat'
25 silly reify ]
26 silly reify mark retired [
26 silly reify   'C:\\Users\\expert\\Documents\\Codex\\2026-06-03\\c-users-expert-desktop-novax-pro\\node_modules\\array.prototype.findlast'
26 silly reify ]
27 silly reify mark retired [
27 silly reify   'C:\\Users\\expert\\Documents\\Codex\\2026-06-03\\c-users-expert-desktop-novax-pro\\node_modules\\arraybuffer.prototype.slice'
27 silly reify ]
28 silly reify mark retired [
28 silly reify   'C:\\Users\\expert\\Documents\\Codex\\2026-06-03\\c-users-expert-desktop-novax-pro\\node_modules\\array.prototype.tosorted'
28 silly reify ]
29 silly reify mark retired [
29 silly reify   'C:\\Users\\expert\\Documents\\Codex\\2026-06-03\\c-users-expert-desktop-novax-pro\\node_modules\\async-function'
29 silly reify ]
30 silly reify mark retired [
30 silly reify   'C:\\Users\\expert\\Documents\\Codex\\2026-06-03\\c-users-expert-desktop-novax-pro\\node_modules\\ast-types-flow'
30 silly reify ]
31 silly reify mark retired [
31 silly reify   'C:\\Users\\expert\\Documents\\Codex\\2026-06-03\\c-users-expert-desktop-novax-pro\\node_modules\\available-typed-arrays'
31 silly reify ]
32 silly reify mark retired [
32 silly reify   'C:\\Users\\expert\\Documents\\Codex\\2026-06-03\\c-users-expert-desktop-novax-pro\\node_modules\\axe-core'
32 silly reify ]
33 silly reify mark retired [
33 silly reify   'C:\\Users\\expert\\Documents\\Codex\\2026-06-03\\c-users-expert-desktop-novax-pro\\node_modules\\balanced-match'
33 silly reify ]
34 silly reify mark retired [
34 silly reify   'C:\\Users\\expert\\Documents\\Codex\\2026-06-03\\c-users-expert-desktop-novax-pro\\node_modules\\axobject-query'
34 silly reify ]
35 silly reify mark retired [
35 silly reify   'C:\\Users\\expert\\Documents\\Codex\\2026-06-03\\c-users-expert-desktop-novax-pro\\node_modules\\baseline-browser-mapping'
35 silly reify ]
36 silly reify mark retired [
36 silly reify   'C:\\Users\\expert\\Documents\\Codex\\2026-06-03\\c-users-expert-desktop-novax-pro\\node_modules\\brace-expansion'
36 silly reify ]
37 silly reify mark retired [
37 silly reify   'C:\\Users\\expert\\Documents\\Codex\\2026-06-03\\c-users-expert-desktop-novax-pro\\node_modules\\browserslist'
37 silly reify ]
38 silly reify mark retired [
38 silly reify   'C:\\Users\\expert\\Documents\\Codex\\2026-06-03\\c-users-expert-desktop-novax-pro\\node_modules\\braces'
38 silly reify ]
39 silly reify mark retired [
39 silly reify   'C:\\Users\\expert\\Documents\\Codex\\2026-06-03\\c-users-expert-desktop-novax-pro\\node_modules\\c12'
39 silly reify ]
40 silly reify mark retired [
40 silly reify   'C:\\Users\\expert\\Documents\\Codex\\2026-06-03\\c-users-expert-desktop-novax-pro\\node_modules\\call-bind'
40 silly reify ]
41 silly reify mark retired [
41 silly reify   'C:\\Users\\expert\\Documents\\Codex\\2026-06-03\\c-users-expert-desktop-novax-pro\\node_modules\\call-bind-apply-helpers'
41 silly reify ]
42 silly reify mark retired [
42 silly reify   'C:\\Users\\expert\\Documents\\Codex\\2026-06-03\\c-users-expert-desktop-novax-pro\\node_modules\\callsites'
42 silly reify ]
43 silly reify mark retired [
43 silly reify   'C:\\Users\\expert\\Documents\\Codex\\2026-06-03\\c-users-expert-desktop-novax-pro\\node_modules\\caniuse-lite'
43 silly reify ]
44 silly reify mark retired [
44 silly reify   'C:\\Users\\expert\\Documents\\Codex\\2026-06-03\\c-users-expert-desktop-novax-pro\\node_modules\\call-bound'
44 silly reify ]
45 silly reify mark retired [
45 silly reify   'C:\\Users\\expert\\Documents\\Codex\\2026-06-03\\c-users-expert-desktop-novax-pro\\node_modules\\chalk'
45 silly reify ]
46 silly reify mark retired [
46 silly reify   'C:\\Users\\expert\\Documents\\Codex\\2026-06-03\\c-users-expert-desktop-novax-pro\\node_modules\\chokidar'
46 silly reify ]
47 silly reify mark retired [
47 silly reify   'C:\\Users\\expert\\Documents\\Codex\\2026-06-03\\c-users-expert-desktop-novax-pro\\node_modules\\client-only'
47 silly reify ]
48 silly reify mark retired [
48 silly reify   'C:\\Users\\expert\\Documents\\Codex\\2026-06-03\\c-users-expert-desktop-novax-pro\\node_modules\\citty'
48 silly reify ]
49 silly reify mark retired [
49 silly reify   'C:\\Users\\expert\\Documents\\Codex\\2026-06-03\\c-users-expert-desktop-novax-pro\\node_modules\\color-convert'
49 silly reify ]
50 silly reify mark retired [
50 silly reify   'C:\\Users\\expert\\Documents\\Codex\\2026-06-03\\c-users-expert-desktop-novax-pro\\node_modules\\color-name'
50 silly reify ]
51 silly reify mark retired [
51 silly reify   'C:\\Users\\expert\\Documents\\Codex\\2026-06-03\\c-users-expert-desktop-novax-pro\\node_modules\\concat-map'
51 silly reify ]
52 silly reify mark retired [
52 silly reify   'C:\\Users\\expert\\Documents\\Codex\\2026-06-03\\c-users-expert-desktop-novax-pro\\node_modules\\confbox'
52 silly reify ]
53 silly reify mark retired [
53 silly reify   'C:\\Users\\expert\\Documents\\Codex\\2026-06-03\\c-users-expert-desktop-novax-pro\\node_modules\\consola'
53 silly reify ]
54 silly reify mark retired [
54 silly reify   'C:\\Users\\expert\\Documents\\Codex\\2026-06-03\\c-users-expert-desktop-novax-pro\\node_modules\\convert-source-map'
54 silly reify ]
55 silly reify mark retired [
55 silly reify   'C:\\Users\\expert\\Documents\\Codex\\2026-06-03\\c-users-expert-desktop-novax-pro\\node_modules\\cross-spawn'
55 silly reify ]
56 silly reify mark retired [
56 silly reify   'C:\\Users\\expert\\Documents\\Codex\\2026-06-03\\c-users-expert-desktop-novax-pro\\node_modules\\damerau-levenshtein'
56 silly reify ]
57 silly reify mark retired [
57 silly reify   'C:\\Users\\expert\\Documents\\Codex\\2026-06-03\\c-users-expert-desktop-novax-pro\\node_modules\\csstype'
57 silly reify ]
58 silly reify mark retired [
58 silly reify   'C:\\Users\\expert\\Documents\\Codex\\2026-06-03\\c-users-expert-desktop-novax-pro\\node_modules\\data-view-buffer'
58 silly reify ]
59 silly reify mark retired [
59 silly reify   'C:\\Users\\expert\\Documents\\Codex\\2026-06-03\\c-users-expert-desktop-novax-pro\\node_modules\\data-view-byte-length'
59 silly reify ]
60 silly reify mark retired [
60 silly reify   'C:\\Users\\expert\\Documents\\Codex\\2026-06-03\\c-users-expert-desktop-novax-pro\\node_modules\\data-view-byte-offset'
60 silly reify ]
61 silly reify mark retired [
61 silly reify   'C:\\Users\\expert\\Documents\\Codex\\2026-06-03\\c-users-expert-desktop-novax-pro\\node_modules\\deep-is'
61 silly reify ]
62 silly reify mark retired [
62 silly reify   'C:\\Users\\expert\\Documents\\Codex\\2026-06-03\\c-users-expert-desktop-novax-pro\\node_modules\\debug'
62 silly reify ]
63 silly reify mark retired [
63 silly reify   'C:\\Users\\expert\\Documents\\Codex\\2026-06-03\\c-users-expert-desktop-novax-pro\\node_modules\\deepmerge-ts'
63 silly reify ]
64 silly reify mark retired [
64 silly reify   'C:\\Users\\expert\\Documents\\Codex\\2026-06-03\\c-users-expert-desktop-novax-pro\\node_modules\\define-data-property'
64 silly reify ]
65 silly reify mark retired [
65 silly reify   'C:\\Users\\expert\\Documents\\Codex\\2026-06-03\\c-users-expert-desktop-novax-pro\\node_modules\\define-properties'
65 silly reify ]
66 silly reify mark retired [
66 silly reify   'C:\\Users\\expert\\Documents\\Codex\\2026-06-03\\c-users-expert-desktop-novax-pro\\node_modules\\defu'
66 silly reify ]
67 silly reify mark retired [
67 silly reify   'C:\\Users\\expert\\Documents\\Codex\\2026-06-03\\c-users-expert-desktop-novax-pro\\node_modules\\destr'
67 silly reify ]
68 silly reify mark retired [
68 silly reify   'C:\\Users\\expert\\Documents\\Codex\\2026-06-03\\c-users-expert-desktop-novax-pro\\node_modules\\detect-libc'
68 silly reify ]
69 silly reify mark retired [
69 silly reify   'C:\\Users\\expert\\Documents\\Codex\\2026-06-03\\c-users-expert-desktop-novax-pro\\node_modules\\doctrine'
69 silly reify ]
70 silly reify mark retired [
70 silly reify   'C:\\Users\\expert\\Documents\\Codex\\2026-06-03\\c-users-expert-desktop-novax-pro\\node_modules\\dunder-proto'
70 silly reify ]
71 silly reify mark retired [
71 silly reify   'C:\\Users\\expert\\Documents\\Codex\\2026-06-03\\c-users-expert-desktop-novax-pro\\node_modules\\dotenv'
71 silly reify ]
72 silly reify mark retired [
72 silly reify   'C:\\Users\\expert\\Documents\\Codex\\2026-06-03\\c-users-expert-desktop-novax-pro\\node_modules\\effect'
72 silly reify ]
73 silly reify mark retired [
73 silly reify   'C:\\Users\\expert\\Documents\\Codex\\2026-06-03\\c-users-expert-desktop-novax-pro\\node_modules\\electron-to-chromium'
73 silly reify ]
74 silly reify mark retired [
74 silly reify   'C:\\Users\\expert\\Documents\\Codex\\2026-06-03\\c-users-expert-desktop-novax-pro\\node_modules\\emoji-regex'
74 silly reify ]
75 silly reify mark retired [
75 silly reify   'C:\\Users\\expert\\Documents\\Codex\\2026-06-03\\c-users-expert-desktop-novax-pro\\node_modules\\es-abstract'
75 silly reify ]
76 silly reify mark retired [
76 silly reify   'C:\\Users\\expert\\Documents\\Codex\\2026-06-03\\c-users-expert-desktop-novax-pro\\node_modules\\enhanced-resolve'
76 silly reify ]
77 silly reify mark retired [
77 silly reify   'C:\\Users\\expert\\Documents\\Codex\\2026-06-03\\c-users-expert-desktop-novax-pro\\node_modules\\es-define-property'
77 silly reify ]
78 silly reify mark retired [
78 silly reify   'C:\\Users\\expert\\Documents\\Codex\\2026-06-03\\c-users-expert-desktop-novax-pro\\node_modules\\empathic'
78 silly reify ]
79 silly reify mark retired [
79 silly reify   'C:\\Users\\expert\\Documents\\Codex\\2026-06-03\\c-users-expert-desktop-novax-pro\\node_modules\\es-iterator-helpers'
79 silly reify ]
80 silly reify mark retired [
80 silly reify   'C:\\Users\\expert\\Documents\\Codex\\2026-06-03\\c-users-expert-desktop-novax-pro\\node_modules\\es-errors'
80 silly reify ]
81 silly reify mark retired [
81 silly reify   'C:\\Users\\expert\\Documents\\Codex\\2026-06-03\\c-users-expert-desktop-novax-pro\\node_modules\\es-object-atoms'
81 silly reify ]
82 silly reify mark retired [
82 silly reify   'C:\\Users\\expert\\Documents\\Codex\\2026-06-03\\c-users-expert-desktop-novax-pro\\node_modules\\es-set-tostringtag'
82 silly reify ]
83 silly reify mark retired [
83 silly reify   'C:\\Users\\expert\\Documents\\Codex\\2026-06-03\\c-users-expert-desktop-novax-pro\\node_modules\\es-to-primitive'
83 silly reify ]
84 silly reify mark retired [
84 silly reify   'C:\\Users\\expert\\Documents\\Codex\\2026-06-03\\c-users-expert-desktop-novax-pro\\node_modules\\escalade'
84 silly reify ]
85 silly reify mark retired [
85 silly reify   'C:\\Users\\expert\\Documents\\Codex\\2026-06-03\\c-users-expert-desktop-novax-pro\\node_modules\\escape-string-regexp'
85 silly reify ]
86 silly reify mark retired [
86 silly reify   'C:\\Users\\expert\\Documents\\Codex\\2026-06-03\\c-users-expert-desktop-novax-pro\\node_modules\\eslint'
86 silly reify ]
87 silly reify mark retired [
87 silly reify   'C:\\Users\\expert\\Documents\\Codex\\2026-06-03\\c-users-expert-desktop-novax-pro\\node_modules\\es-shim-unscopables'
87 silly reify ]
88 silly reify mark retired [
88 silly reify   'C:\\Users\\expert\\Documents\\Codex\\2026-06-03\\c-users-expert-desktop-novax-pro\\node_modules\\eslint-config-next'
88 silly reify ]
89 silly reify mark retired [
89 silly reify   'C:\\Users\\expert\\Documents\\Codex\\2026-06-03\\c-users-expert-desktop-novax-pro\\node_modules\\eslint-import-resolver-node'
89 silly reify ]
90 silly reify mark retired [
90 silly reify   'C:\\Users\\expert\\Documents\\Codex\\2026-06-03\\c-users-expert-desktop-novax-pro\\node_modules\\eslint-import-resolver-typescript'
90 silly reify ]
91 silly reify mark retired [
91 silly reify   'C:\\Users\\expert\\Documents\\Codex\\2026-06-03\\c-users-expert-desktop-novax-pro\\node_modules\\eslint-module-utils'
91 silly reify ]
92 silly reify mark retired [
92 silly reify   'C:\\Users\\expert\\Documents\\Codex\\2026-06-03\\c-users-expert-desktop-novax-pro\\node_modules\\eslint-plugin-import'
92 silly reify ]
93 silly reify mark retired [
93 silly reify   'C:\\Users\\expert\\Documents\\Codex\\2026-06-03\\c-users-expert-desktop-novax-pro\\node_modules\\eslint-plugin-react'
93 silly reify ]
94 silly reify mark retired [
94 silly reify   'C:\\Users\\expert\\Documents\\Codex\\2026-06-03\\c-users-expert-desktop-novax-pro\\node_modules\\eslint-plugin-jsx-a11y'
94 silly reify ]
95 silly reify mark retired [
95 silly reify   'C:\\Users\\expert\\Documents\\Codex\\2026-06-03\\c-users-expert-desktop-novax-pro\\node_modules\\eslint-plugin-react-hooks'
95 silly reify ]
96 silly reify mark retired [
96 silly reify   'C:\\Users\\expert\\Documents\\Codex\\2026-06-03\\c-users-expert-desktop-novax-pro\\node_modules\\eslint-scope'
96 silly reify ]
97 silly reify mark retired [
97 silly reify   'C:\\Users\\expert\\Documents\\Codex\\2026-06-03\\c-users-expert-desktop-novax-pro\\node_modules\\eslint-visitor-keys'
97 silly reify ]
98 silly reify mark retired [
98 silly reify   'C:\\Users\\expert\\Documents\\Codex\\2026-06-03\\c-users-expert-desktop-novax-pro\\node_modules\\espree'
98 silly reify ]
99 silly reify mark retired [
99 silly reify   'C:\\Users\\expert\\Documents\\Codex\\2026-06-03\\c-users-expert-desktop-novax-pro\\node_modules\\esquery'
99 silly reify ]
100 silly reify mark retired [
100 silly reify   'C:\\Users\\expert\\Documents\\Codex\\2026-06-03\\c-users-expert-desktop-novax-pro\\node_modules\\esrecurse'
100 silly reify ]
101 silly reify mark retired [
101 silly reify   'C:\\Users\\expert\\Documents\\Codex\\2026-06-03\\c-users-expert-desktop-novax-pro\\node_modules\\estraverse'
101 silly reify ]
102 silly reify mark retired [
102 silly reify   'C:\\Users\\expert\\Documents\\Codex\\2026-06-03\\c-users-expert-desktop-novax-pro\\node_modules\\esutils'
102 silly reify ]
103 silly reify mark retired [
103 silly reify   'C:\\Users\\expert\\Documents\\Codex\\2026-06-03\\c-users-expert-desktop-novax-pro\\node_modules\\exsolve'
103 silly reify ]
104 silly reify mark retired [
104 silly reify   'C:\\Users\\expert\\Documents\\Codex\\2026-06-03\\c-users-expert-desktop-novax-pro\\node_modules\\fast-check'
104 silly reify ]
105 silly reify mark retired [
105 silly reify   'C:\\Users\\expert\\Documents\\Codex\\2026-06-03\\c-users-expert-desktop-novax-pro\\node_modules\\fast-deep-equal'
105 silly reify ]
106 silly reify mark retired [
106 silly reify   'C:\\Users\\expert\\Documents\\Codex\\2026-06-03\\c-users-expert-desktop-novax-pro\\node_modules\\fast-glob'
106 silly reify ]
107 silly reify mark retired [
107 silly reify   'C:\\Users\\expert\\Documents\\Codex\\2026-06-03\\c-users-expert-desktop-novax-pro\\node_modules\\fast-json-stable-stringify'
107 silly reify ]
108 silly reify mark retired [
108 silly reify   'C:\\Users\\expert\\Documents\\Codex\\2026-06-03\\c-users-expert-desktop-novax-pro\\node_modules\\fast-levenshtein'
108 silly reify ]
109 silly reify mark retired [
109 silly reify   'C:\\Users\\expert\\Documents\\Codex\\2026-06-03\\c-users-expert-desktop-novax-pro\\node_modules\\fastq'
109 silly reify ]
110 silly reify mark retired [
110 silly reify   'C:\\Users\\expert\\Documents\\Codex\\2026-06-03\\c-users-expert-desktop-novax-pro\\node_modules\\file-entry-cache'
110 silly reify ]
111 silly reify mark retired [
111 silly reify   'C:\\Users\\expert\\Documents\\Codex\\2026-06-03\\c-users-expert-desktop-novax-pro\\node_modules\\fill-range'
111 silly reify ]
112 silly reify mark retired [
112 silly reify   'C:\\Users\\expert\\Documents\\Codex\\2026-06-03\\c-users-expert-desktop-novax-pro\\node_modules\\flat-cache'
112 silly reify ]
113 silly reify mark retired [
113 silly reify   'C:\\Users\\expert\\Documents\\Codex\\2026-06-03\\c-users-expert-desktop-novax-pro\\node_modules\\find-up'
113 silly reify ]
114 silly reify mark retired [
114 silly reify   'C:\\Users\\expert\\Documents\\Codex\\2026-06-03\\c-users-expert-desktop-novax-pro\\node_modules\\flatted'
114 silly reify ]
115 silly reify mark retired [
115 silly reify   'C:\\Users\\expert\\Documents\\Codex\\2026-06-03\\c-users-expert-desktop-novax-pro\\node_modules\\for-each'
115 silly reify ]
116 silly reify mark retired [
116 silly reify   'C:\\Users\\expert\\Documents\\Codex\\2026-06-03\\c-users-expert-desktop-novax-pro\\node_modules\\function-bind'
116 silly reify ]
117 silly reify mark retired [
117 silly reify   'C:\\Users\\expert\\Documents\\Codex\\2026-06-03\\c-users-expert-desktop-novax-pro\\node_modules\\functions-have-names'
117 silly reify ]
118 silly reify mark retired [
118 silly reify   'C:\\Users\\expert\\Documents\\Codex\\2026-06-03\\c-users-expert-desktop-novax-pro\\node_modules\\function.prototype.name'
118 silly reify ]
119 silly reify mark retired [
119 silly reify   'C:\\Users\\expert\\Documents\\Codex\\2026-06-03\\c-users-expert-desktop-novax-pro\\node_modules\\generator-function'
119 silly reify ]
120 silly reify mark retired [
120 silly reify   'C:\\Users\\expert\\Documents\\Codex\\2026-06-03\\c-users-expert-desktop-novax-pro\\node_modules\\get-intrinsic'
120 silly reify ]
121 silly reify mark retired [
121 silly reify   'C:\\Users\\expert\\Documents\\Codex\\2026-06-03\\c-users-expert-desktop-novax-pro\\node_modules\\gensync'
121 silly reify ]
122 silly reify mark retired [
122 silly reify   'C:\\Users\\expert\\Documents\\Codex\\2026-06-03\\c-users-expert-desktop-novax-pro\\node_modules\\get-proto'
122 silly reify ]
123 silly reify mark retired [
123 silly reify   'C:\\Users\\expert\\Documents\\Codex\\2026-06-03\\c-users-expert-desktop-novax-pro\\node_modules\\get-symbol-description'
123 silly reify ]
124 silly reify mark retired [
124 silly reify   'C:\\Users\\expert\\Documents\\Codex\\2026-06-03\\c-users-expert-desktop-novax-pro\\node_modules\\get-tsconfig'
124 silly reify ]
125 silly reify mark retired [
125 silly reify   'C:\\Users\\expert\\Documents\\Codex\\2026-06-03\\c-users-expert-desktop-novax-pro\\node_modules\\giget'
125 silly reify ]
126 silly reify mark retired [
126 silly reify   'C:\\Users\\expert\\Documents\\Codex\\2026-06-03\\c-users-expert-desktop-novax-pro\\node_modules\\glob-parent'
126 silly reify ]
127 silly reify mark retired [
127 silly reify   'C:\\Users\\expert\\Documents\\Codex\\2026-06-03\\c-users-expert-desktop-novax-pro\\node_modules\\globals'
127 silly reify ]
128 silly reify mark retired [
128 silly reify   'C:\\Users\\expert\\Documents\\Codex\\2026-06-03\\c-users-expert-desktop-novax-pro\\node_modules\\gopd'
128 silly reify ]
129 silly reify mark retired [
129 silly reify   'C:\\Users\\expert\\Documents\\Codex\\2026-06-03\\c-users-expert-desktop-novax-pro\\node_modules\\globalthis'
129 silly reify ]
130 silly reify mark retired [
130 silly reify   'C:\\Users\\expert\\Documents\\Codex\\2026-06-03\\c-users-expert-desktop-novax-pro\\node_modules\\graceful-fs'
130 silly reify ]
131 silly reify mark retired [
131 silly reify   'C:\\Users\\expert\\Documents\\Codex\\2026-06-03\\c-users-expert-desktop-novax-pro\\node_modules\\has-bigints'
131 silly reify ]
132 silly reify mark retired [
132 silly reify   'C:\\Users\\expert\\Documents\\Codex\\2026-06-03\\c-users-expert-desktop-novax-pro\\node_modules\\has-flag'
132 silly reify ]
133 silly reify mark retired [
133 silly reify   'C:\\Users\\expert\\Documents\\Codex\\2026-06-03\\c-users-expert-desktop-novax-pro\\node_modules\\has-property-descriptors'
133 silly reify ]
134 silly reify mark retired [
134 silly reify   'C:\\Users\\expert\\Documents\\Codex\\2026-06-03\\c-users-expert-desktop-novax-pro\\node_modules\\has-proto'
134 silly reify ]
135 silly reify mark retired [
135 silly reify   'C:\\Users\\expert\\Documents\\Codex\\2026-06-03\\c-users-expert-desktop-novax-pro\\node_modules\\has-symbols'
135 silly reify ]
136 silly reify mark retired [
136 silly reify   'C:\\Users\\expert\\Documents\\Codex\\2026-06-03\\c-users-expert-desktop-novax-pro\\node_modules\\has-tostringtag'
136 silly reify ]
137 silly reify mark retired [
137 silly reify   'C:\\Users\\expert\\Documents\\Codex\\2026-06-03\\c-users-expert-desktop-novax-pro\\node_modules\\hasown'
137 silly reify ]
138 silly reify mark retired [
138 silly reify   'C:\\Users\\expert\\Documents\\Codex\\2026-06-03\\c-users-expert-desktop-novax-pro\\node_modules\\hermes-estree'
138 silly reify ]
139 silly reify mark retired [
139 silly reify   'C:\\Users\\expert\\Documents\\Codex\\2026-06-03\\c-users-expert-desktop-novax-pro\\node_modules\\hermes-parser'
139 silly reify ]
140 silly reify mark retired [
140 silly reify   'C:\\Users\\expert\\Documents\\Codex\\2026-06-03\\c-users-expert-desktop-novax-pro\\node_modules\\ignore'
140 silly reify ]
141 silly reify mark retired [
141 silly reify   'C:\\Users\\expert\\Documents\\Codex\\2026-06-03\\c-users-expert-desktop-novax-pro\\node_modules\\import-fresh'
141 silly reify ]
142 silly reify mark retired [
142 silly reify   'C:\\Users\\expert\\Documents\\Codex\\2026-06-03\\c-users-expert-desktop-novax-pro\\node_modules\\imurmurhash'
142 silly reify ]
143 silly reify mark retired [
143 silly reify   'C:\\Users\\expert\\Documents\\Codex\\2026-06-03\\c-users-expert-desktop-novax-pro\\node_modules\\internal-slot'
143 silly reify ]
144 silly reify mark retired [
144 silly reify   'C:\\Users\\expert\\Documents\\Codex\\2026-06-03\\c-users-expert-desktop-novax-pro\\node_modules\\is-array-buffer'
144 silly reify ]
145 silly reify mark retired [
145 silly reify   'C:\\Users\\expert\\Documents\\Codex\\2026-06-03\\c-users-expert-desktop-novax-pro\\node_modules\\is-async-function'
145 silly reify ]
146 silly reify mark retired [
146 silly reify   'C:\\Users\\expert\\Documents\\Codex\\2026-06-03\\c-users-expert-desktop-novax-pro\\node_modules\\is-bigint'
146 silly reify ]
147 silly reify mark retired [
147 silly reify   'C:\\Users\\expert\\Documents\\Codex\\2026-06-03\\c-users-expert-desktop-novax-pro\\node_modules\\is-boolean-object'
147 silly reify ]
148 silly reify mark retired [
148 silly reify   'C:\\Users\\expert\\Documents\\Codex\\2026-06-03\\c-users-expert-desktop-novax-pro\\node_modules\\is-bun-module'
148 silly reify ]
149 silly reify mark retired [
149 silly reify   'C:\\Users\\expert\\Documents\\Codex\\2026-06-03\\c-users-expert-desktop-novax-pro\\node_modules\\is-callable'
149 silly reify ]
150 silly reify mark retired [
150 silly reify   'C:\\Users\\expert\\Documents\\Codex\\2026-06-03\\c-users-expert-desktop-novax-pro\\node_modules\\is-core-module'
150 silly reify ]
151 silly reify mark retired [
151 silly reify   'C:\\Users\\expert\\Documents\\Codex\\2026-06-03\\c-users-expert-desktop-novax-pro\\node_modules\\is-data-view'
151 silly reify ]
152 silly reify mark retired [
152 silly reify   'C:\\Users\\expert\\Documents\\Codex\\2026-06-03\\c-users-expert-desktop-novax-pro\\node_modules\\is-date-object'
152 silly reify ]
153 silly reify mark retired [
153 silly reify   'C:\\Users\\expert\\Documents\\Codex\\2026-06-03\\c-users-expert-desktop-novax-pro\\node_modules\\is-extglob'
153 silly reify ]
154 silly reify mark retired [
154 silly reify   'C:\\Users\\expert\\Documents\\Codex\\2026-06-03\\c-users-expert-desktop-novax-pro\\node_modules\\is-finalizationregistry'
154 silly reify ]
155 silly reify mark retired [
155 silly reify   'C:\\Users\\expert\\Documents\\Codex\\2026-06-03\\c-users-expert-desktop-novax-pro\\node_modules\\is-generator-function'
155 silly reify ]
156 silly reify mark retired [
156 silly reify   'C:\\Users\\expert\\Documents\\Codex\\2026-06-03\\c-users-expert-desktop-novax-pro\\node_modules\\is-glob'
156 silly reify ]
157 silly reify mark retired [
157 silly reify   'C:\\Users\\expert\\Documents\\Codex\\2026-06-03\\c-users-expert-desktop-novax-pro\\node_modules\\is-map'
157 silly reify ]
158 silly reify mark retired [
158 silly reify   'C:\\Users\\expert\\Documents\\Codex\\2026-06-03\\c-users-expert-desktop-novax-pro\\node_modules\\is-negative-zero'
158 silly reify ]
159 silly reify mark retired [
159 silly reify   'C:\\Users\\expert\\Documents\\Codex\\2026-06-03\\c-users-expert-desktop-novax-pro\\node_modules\\is-number'
159 silly reify ]
160 silly reify mark retired [
160 silly reify   'C:\\Users\\expert\\Documents\\Codex\\2026-06-03\\c-users-expert-desktop-novax-pro\\node_modules\\is-number-object'
160 silly reify ]
161 silly reify mark retired [
161 silly reify   'C:\\Users\\expert\\Documents\\Codex\\2026-06-03\\c-users-expert-desktop-novax-pro\\node_modules\\is-regex'
161 silly reify ]
162 silly reify mark retired [
162 silly reify   'C:\\Users\\expert\\Documents\\Codex\\2026-06-03\\c-users-expert-desktop-novax-pro\\node_modules\\is-set'
162 silly reify ]
163 silly reify mark retired [
163 silly reify   'C:\\Users\\expert\\Documents\\Codex\\2026-06-03\\c-users-expert-desktop-novax-pro\\node_modules\\is-shared-array-buffer'
163 silly reify ]
164 silly reify mark retired [
164 silly reify   'C:\\Users\\expert\\Documents\\Codex\\2026-06-03\\c-users-expert-desktop-novax-pro\\node_modules\\is-string'
164 silly reify ]
165 silly reify mark retired [
165 silly reify   'C:\\Users\\expert\\Documents\\Codex\\2026-06-03\\c-users-expert-desktop-novax-pro\\node_modules\\is-symbol'
165 silly reify ]
166 silly reify mark retired [
166 silly reify   'C:\\Users\\expert\\Documents\\Codex\\2026-06-03\\c-users-expert-desktop-novax-pro\\node_modules\\is-typed-array'
166 silly reify ]
167 silly reify mark retired [
167 silly reify   'C:\\Users\\expert\\Documents\\Codex\\2026-06-03\\c-users-expert-desktop-novax-pro\\node_modules\\is-weakmap'
167 silly reify ]
168 silly reify mark retired [
168 silly reify   'C:\\Users\\expert\\Documents\\Codex\\2026-06-03\\c-users-expert-desktop-novax-pro\\node_modules\\is-weakref'
168 silly reify ]
169 silly reify mark retired [
169 silly reify   'C:\\Users\\expert\\Documents\\Codex\\2026-06-03\\c-users-expert-desktop-novax-pro\\node_modules\\is-weakset'
169 silly reify ]
170 silly reify mark retired [
170 silly reify   'C:\\Users\\expert\\Documents\\Codex\\2026-06-03\\c-users-expert-desktop-novax-pro\\node_modules\\isexe'
170 silly reify ]
171 silly reify mark retired [
171 silly reify   'C:\\Users\\expert\\Documents\\Codex\\2026-06-03\\c-users-expert-desktop-novax-pro\\node_modules\\isarray'
171 silly reify ]
172 silly reify mark retired [
172 silly reify   'C:\\Users\\expert\\Documents\\Codex\\2026-06-03\\c-users-expert-desktop-novax-pro\\node_modules\\iterator.prototype'
172 silly reify ]
173 silly reify mark retired [
173 silly reify   'C:\\Users\\expert\\Documents\\Codex\\2026-06-03\\c-users-expert-desktop-novax-pro\\node_modules\\jiti'
173 silly reify ]
174 silly reify mark retired [
174 silly reify   'C:\\Users\\expert\\Documents\\Codex\\2026-06-03\\c-users-expert-desktop-novax-pro\\node_modules\\jsesc'
174 silly reify ]
175 silly reify mark retired [
175 silly reify   'C:\\Users\\expert\\Documents\\Codex\\2026-06-03\\c-users-expert-desktop-novax-pro\\node_modules\\js-tokens'
175 silly reify ]
176 silly reify mark retired [
176 silly reify   'C:\\Users\\expert\\Documents\\Codex\\2026-06-03\\c-users-expert-desktop-novax-pro\\node_modules\\js-yaml'
176 silly reify ]
177 silly reify mark retired [
177 silly reify   'C:\\Users\\expert\\Documents\\Codex\\2026-06-03\\c-users-expert-desktop-novax-pro\\node_modules\\json-buffer'
177 silly reify ]
178 silly reify mark retired [
178 silly reify   'C:\\Users\\expert\\Documents\\Codex\\2026-06-03\\c-users-expert-desktop-novax-pro\\node_modules\\json-schema-traverse'
178 silly reify ]
179 silly reify mark retired [
179 silly reify   'C:\\Users\\expert\\Documents\\Codex\\2026-06-03\\c-users-expert-desktop-novax-pro\\node_modules\\json-stable-stringify-without-jsonify'
179 silly reify ]
180 silly reify mark retired [
180 silly reify   'C:\\Users\\expert\\Documents\\Codex\\2026-06-03\\c-users-expert-desktop-novax-pro\\node_modules\\json5'
180 silly reify ]
181 silly reify mark retired [
181 silly reify   'C:\\Users\\expert\\Documents\\Codex\\2026-06-03\\c-users-expert-desktop-novax-pro\\node_modules\\jsx-ast-utils'
181 silly reify ]
182 silly reify mark retired [
182 silly reify   'C:\\Users\\expert\\Documents\\Codex\\2026-06-03\\c-users-expert-desktop-novax-pro\\node_modules\\keyv'
182 silly reify ]
183 silly reify mark retired [
183 silly reify   'C:\\Users\\expert\\Documents\\Codex\\2026-06-03\\c-users-expert-desktop-novax-pro\\node_modules\\language-subtag-registry'
183 silly reify ]
184 silly reify mark retired [
184 silly reify   'C:\\Users\\expert\\Documents\\Codex\\2026-06-03\\c-users-expert-desktop-novax-pro\\node_modules\\levn'
184 silly reify ]
185 silly reify mark retired [
185 silly reify   'C:\\Users\\expert\\Documents\\Codex\\2026-06-03\\c-users-expert-desktop-novax-pro\\node_modules\\lightningcss-win32-x64-msvc'
185 silly reify ]
186 silly reify mark retired [
186 silly reify   'C:\\Users\\expert\\Documents\\Codex\\2026-06-03\\c-users-expert-desktop-novax-pro\\node_modules\\lightningcss'
186 silly reify ]
187 silly reify mark retired [
187 silly reify   'C:\\Users\\expert\\Documents\\Codex\\2026-06-03\\c-users-expert-desktop-novax-pro\\node_modules\\locate-path'
187 silly reify ]
188 silly reify mark retired [
188 silly reify   'C:\\Users\\expert\\Documents\\Codex\\2026-06-03\\c-users-expert-desktop-novax-pro\\node_modules\\language-tags'
188 silly reify ]
189 silly reify mark retired [
189 silly reify   'C:\\Users\\expert\\Documents\\Codex\\2026-06-03\\c-users-expert-desktop-novax-pro\\node_modules\\lodash.merge'
189 silly reify ]
190 silly reify mark retired [
190 silly reify   'C:\\Users\\expert\\Documents\\Codex\\2026-06-03\\c-users-expert-desktop-novax-pro\\node_modules\\loose-envify'
190 silly reify ]
191 silly reify mark retired [
191 silly reify   'C:\\Users\\expert\\Documents\\Codex\\2026-06-03\\c-users-expert-desktop-novax-pro\\node_modules\\lru-cache'
191 silly reify ]
192 silly reify mark retired [
192 silly reify   'C:\\Users\\expert\\Documents\\Codex\\2026-06-03\\c-users-expert-desktop-novax-pro\\node_modules\\magic-string'
192 silly reify ]
193 silly reify mark retired [
193 silly reify   'C:\\Users\\expert\\Documents\\Codex\\2026-06-03\\c-users-expert-desktop-novax-pro\\node_modules\\math-intrinsics'
193 silly reify ]
194 silly reify mark retired [
194 silly reify   'C:\\Users\\expert\\Documents\\Codex\\2026-06-03\\c-users-expert-desktop-novax-pro\\node_modules\\merge2'
194 silly reify ]
195 silly reify mark retired [
195 silly reify   'C:\\Users\\expert\\Documents\\Codex\\2026-06-03\\c-users-expert-desktop-novax-pro\\node_modules\\micromatch'
195 silly reify ]
196 silly reify mark retired [
196 silly reify   'C:\\Users\\expert\\Documents\\Codex\\2026-06-03\\c-users-expert-desktop-novax-pro\\node_modules\\minimatch'
196 silly reify ]
197 silly reify mark retired [
197 silly reify   'C:\\Users\\expert\\Documents\\Codex\\2026-06-03\\c-users-expert-desktop-novax-pro\\node_modules\\minimist'
197 silly reify ]
198 silly reify mark retired [
198 silly reify   'C:\\Users\\expert\\Documents\\Codex\\2026-06-03\\c-users-expert-desktop-novax-pro\\node_modules\\ms'
198 silly reify ]
199 silly reify mark retired [
199 silly reify   'C:\\Users\\expert\\Documents\\Codex\\2026-06-03\\c-users-expert-desktop-novax-pro\\node_modules\\nanoid'
199 silly reify ]
200 silly reify mark retired [
200 silly reify   'C:\\Users\\expert\\Documents\\Codex\\2026-06-03\\c-users-expert-desktop-novax-pro\\node_modules\\napi-postinstall'
200 silly reify ]
201 silly reify mark retired [
201 silly reify   'C:\\Users\\expert\\Documents\\Codex\\2026-06-03\\c-users-expert-desktop-novax-pro\\node_modules\\natural-compare'
201 silly reify ]
202 silly reify mark retired [
202 silly reify   'C:\\Users\\expert\\Documents\\Codex\\2026-06-03\\c-users-expert-desktop-novax-pro\\node_modules\\node-exports-info'
202 silly reify ]
203 silly reify mark retired [
203 silly reify   'C:\\Users\\expert\\Documents\\Codex\\2026-06-03\\c-users-expert-desktop-novax-pro\\node_modules\\node-fetch-native'
203 silly reify ]
204 silly reify mark retired [
204 silly reify   'C:\\Users\\expert\\Documents\\Codex\\2026-06-03\\c-users-expert-desktop-novax-pro\\node_modules\\node-releases'
204 silly reify ]
205 silly reify mark retired [
205 silly reify   'C:\\Users\\expert\\Documents\\Codex\\2026-06-03\\c-users-expert-desktop-novax-pro\\node_modules\\next'
205 silly reify ]
206 silly reify mark retired [
206 silly reify   'C:\\Users\\expert\\Documents\\Codex\\2026-06-03\\c-users-expert-desktop-novax-pro\\node_modules\\nypm'
206 silly reify ]
207 silly reify mark retired [
207 silly reify   'C:\\Users\\expert\\Documents\\Codex\\2026-06-03\\c-users-expert-desktop-novax-pro\\node_modules\\object-assign'
207 silly reify ]
208 silly reify mark retired [
208 silly reify   'C:\\Users\\expert\\Documents\\Codex\\2026-06-03\\c-users-expert-desktop-novax-pro\\node_modules\\object-inspect'
208 silly reify ]
209 silly reify mark retired [
209 silly reify   'C:\\Users\\expert\\Documents\\Codex\\2026-06-03\\c-users-expert-desktop-novax-pro\\node_modules\\object-keys'
209 silly reify ]
210 silly reify mark retired [
210 silly reify   'C:\\Users\\expert\\Documents\\Codex\\2026-06-03\\c-users-expert-desktop-novax-pro\\node_modules\\object.entries'
210 silly reify ]
211 silly reify mark retired [
211 silly reify   'C:\\Users\\expert\\Documents\\Codex\\2026-06-03\\c-users-expert-desktop-novax-pro\\node_modules\\object.fromentries'
211 silly reify ]
212 silly reify mark retired [
212 silly reify   'C:\\Users\\expert\\Documents\\Codex\\2026-06-03\\c-users-expert-desktop-novax-pro\\node_modules\\object.assign'
212 silly reify ]
213 silly reify mark retired [
213 silly reify   'C:\\Users\\expert\\Documents\\Codex\\2026-06-03\\c-users-expert-desktop-novax-pro\\node_modules\\object.groupby'
213 silly reify ]
214 silly reify mark retired [
214 silly reify   'C:\\Users\\expert\\Documents\\Codex\\2026-06-03\\c-users-expert-desktop-novax-pro\\node_modules\\ohash'
214 silly reify ]
215 silly reify mark retired [
215 silly reify   'C:\\Users\\expert\\Documents\\Codex\\2026-06-03\\c-users-expert-desktop-novax-pro\\node_modules\\optionator'
215 silly reify ]
216 silly reify mark retired [
216 silly reify   'C:\\Users\\expert\\Documents\\Codex\\2026-06-03\\c-users-expert-desktop-novax-pro\\node_modules\\object.values'
216 silly reify ]
217 silly reify mark retired [
217 silly reify   'C:\\Users\\expert\\Documents\\Codex\\2026-06-03\\c-users-expert-desktop-novax-pro\\node_modules\\own-keys'
217 silly reify ]
218 silly reify mark retired [
218 silly reify   'C:\\Users\\expert\\Documents\\Codex\\2026-06-03\\c-users-expert-desktop-novax-pro\\node_modules\\p-locate'
218 silly reify ]
219 silly reify mark retired [
219 silly reify   'C:\\Users\\expert\\Documents\\Codex\\2026-06-03\\c-users-expert-desktop-novax-pro\\node_modules\\parent-module'
219 silly reify ]
220 silly reify mark retired [
220 silly reify   'C:\\Users\\expert\\Documents\\Codex\\2026-06-03\\c-users-expert-desktop-novax-pro\\node_modules\\p-limit'
220 silly reify ]
221 silly reify mark retired [
221 silly reify   'C:\\Users\\expert\\Documents\\Codex\\2026-06-03\\c-users-expert-desktop-novax-pro\\node_modules\\path-exists'
221 silly reify ]
222 silly reify mark retired [
222 silly reify   'C:\\Users\\expert\\Documents\\Codex\\2026-06-03\\c-users-expert-desktop-novax-pro\\node_modules\\path-key'
222 silly reify ]
223 silly reify mark retired [
223 silly reify   'C:\\Users\\expert\\Documents\\Codex\\2026-06-03\\c-users-expert-desktop-novax-pro\\node_modules\\path-parse'
223 silly reify ]
224 silly reify mark retired [
224 silly reify   'C:\\Users\\expert\\Documents\\Codex\\2026-06-03\\c-users-expert-desktop-novax-pro\\node_modules\\pathe'
224 silly reify ]
225 silly reify mark retired [
225 silly reify   'C:\\Users\\expert\\Documents\\Codex\\2026-06-03\\c-users-expert-desktop-novax-pro\\node_modules\\perfect-debounce'
225 silly reify ]
226 silly reify mark retired [
226 silly reify   'C:\\Users\\expert\\Documents\\Codex\\2026-06-03\\c-users-expert-desktop-novax-pro\\node_modules\\picomatch'
226 silly reify ]
227 silly reify mark retired [
227 silly reify   'C:\\Users\\expert\\Documents\\Codex\\2026-06-03\\c-users-expert-desktop-novax-pro\\node_modules\\picocolors'
227 silly reify ]
228 silly reify mark retired [
228 silly reify   'C:\\Users\\expert\\Documents\\Codex\\2026-06-03\\c-users-expert-desktop-novax-pro\\node_modules\\pkg-types'
228 silly reify ]
229 silly reify mark retired [
229 silly reify   'C:\\Users\\expert\\Documents\\Codex\\2026-06-03\\c-users-expert-desktop-novax-pro\\node_modules\\possible-typed-array-names'
229 silly reify ]
230 silly reify mark retired [
230 silly reify   'C:\\Users\\expert\\Documents\\Codex\\2026-06-03\\c-users-expert-desktop-novax-pro\\node_modules\\prelude-ls'
230 silly reify ]
231 silly reify mark retired [
231 silly reify   'C:\\Users\\expert\\Documents\\Codex\\2026-06-03\\c-users-expert-desktop-novax-pro\\node_modules\\postcss'
231 silly reify ]
232 silly reify mark retired [
232 silly reify   'C:\\Users\\expert\\Documents\\Codex\\2026-06-03\\c-users-expert-desktop-novax-pro\\node_modules\\prisma'
232 silly reify ]
233 silly reify mark retired [
233 silly reify   'C:\\Users\\expert\\Documents\\Codex\\2026-06-03\\c-users-expert-desktop-novax-pro\\node_modules\\prop-types'
233 silly reify ]
234 silly reify mark retired [
234 silly reify   'C:\\Users\\expert\\Documents\\Codex\\2026-06-03\\c-users-expert-desktop-novax-pro\\node_modules\\punycode'
234 silly reify ]
235 silly reify mark retired [
235 silly reify   'C:\\Users\\expert\\Documents\\Codex\\2026-06-03\\c-users-expert-desktop-novax-pro\\node_modules\\pure-rand'
235 silly reify ]
236 silly reify mark retired [
236 silly reify   'C:\\Users\\expert\\Documents\\Codex\\2026-06-03\\c-users-expert-desktop-novax-pro\\node_modules\\queue-microtask'
236 silly reify ]
237 silly reify mark retired [
237 silly reify   'C:\\Users\\expert\\Documents\\Codex\\2026-06-03\\c-users-expert-desktop-novax-pro\\node_modules\\rc9'
237 silly reify ]
238 silly reify mark retired [
238 silly reify   'C:\\Users\\expert\\Documents\\Codex\\2026-06-03\\c-users-expert-desktop-novax-pro\\node_modules\\react'
238 silly reify ]
239 silly reify mark retired [
239 silly reify   'C:\\Users\\expert\\Documents\\Codex\\2026-06-03\\c-users-expert-desktop-novax-pro\\node_modules\\react-dom'
239 silly reify ]
240 silly reify mark retired [
240 silly reify   'C:\\Users\\expert\\Documents\\Codex\\2026-06-03\\c-users-expert-desktop-novax-pro\\node_modules\\react-is'
240 silly reify ]
241 silly reify mark retired [
241 silly reify   'C:\\Users\\expert\\Documents\\Codex\\2026-06-03\\c-users-expert-desktop-novax-pro\\node_modules\\readdirp'
241 silly reify ]
242 silly reify mark retired [
242 silly reify   'C:\\Users\\expert\\Documents\\Codex\\2026-06-03\\c-users-expert-desktop-novax-pro\\node_modules\\reflect.getprototypeof'
242 silly reify ]
243 silly reify mark retired [
243 silly reify   'C:\\Users\\expert\\Documents\\Codex\\2026-06-03\\c-users-expert-desktop-novax-pro\\node_modules\\regexp.prototype.flags'
243 silly reify ]
244 silly reify mark retired [
244 silly reify   'C:\\Users\\expert\\Documents\\Codex\\2026-06-03\\c-users-expert-desktop-novax-pro\\node_modules\\resolve'
244 silly reify ]
245 silly reify mark retired [
245 silly reify   'C:\\Users\\expert\\Documents\\Codex\\2026-06-03\\c-users-expert-desktop-novax-pro\\node_modules\\resolve-from'
245 silly reify ]
246 silly reify mark retired [
246 silly reify   'C:\\Users\\expert\\Documents\\Codex\\2026-06-03\\c-users-expert-desktop-novax-pro\\node_modules\\resolve-pkg-maps'
246 silly reify ]
247 silly reify mark retired [
247 silly reify   'C:\\Users\\expert\\Documents\\Codex\\2026-06-03\\c-users-expert-desktop-novax-pro\\node_modules\\reusify'
247 silly reify ]
248 silly reify mark retired [
248 silly reify   'C:\\Users\\expert\\Documents\\Codex\\2026-06-03\\c-users-expert-desktop-novax-pro\\node_modules\\run-parallel'
248 silly reify ]
249 silly reify mark retired [
249 silly reify   'C:\\Users\\expert\\Documents\\Codex\\2026-06-03\\c-users-expert-desktop-novax-pro\\node_modules\\safe-array-concat'
249 silly reify ]
250 silly reify mark retired [
250 silly reify   'C:\\Users\\expert\\Documents\\Codex\\2026-06-03\\c-users-expert-desktop-novax-pro\\node_modules\\safe-regex-test'
250 silly reify ]
251 silly reify mark retired [
251 silly reify   'C:\\Users\\expert\\Documents\\Codex\\2026-06-03\\c-users-expert-desktop-novax-pro\\node_modules\\safe-push-apply'
251 silly reify ]
252 silly reify mark retired [
252 silly reify   'C:\\Users\\expert\\Documents\\Codex\\2026-06-03\\c-users-expert-desktop-novax-pro\\node_modules\\semver'
252 silly reify ]
253 silly reify mark retired [
253 silly reify   'C:\\Users\\expert\\Documents\\Codex\\2026-06-03\\c-users-expert-desktop-novax-pro\\node_modules\\set-function-length'
253 silly reify ]
254 silly reify mark retired [
254 silly reify   'C:\\Users\\expert\\Documents\\Codex\\2026-06-03\\c-users-expert-desktop-novax-pro\\node_modules\\scheduler'
254 silly reify ]
255 silly reify mark retired [
255 silly reify   'C:\\Users\\expert\\Documents\\Codex\\2026-06-03\\c-users-expert-desktop-novax-pro\\node_modules\\set-function-name'
255 silly reify ]
256 silly reify mark retired [
256 silly reify   'C:\\Users\\expert\\Documents\\Codex\\2026-06-03\\c-users-expert-desktop-novax-pro\\node_modules\\sharp'
256 silly reify ]
257 silly reify mark retired [
257 silly reify   'C:\\Users\\expert\\Documents\\Codex\\2026-06-03\\c-users-expert-desktop-novax-pro\\node_modules\\set-proto'
257 silly reify ]
258 silly reify mark retired [
258 silly reify   'C:\\Users\\expert\\Documents\\Codex\\2026-06-03\\c-users-expert-desktop-novax-pro\\node_modules\\shebang-command'
258 silly reify ]
259 silly reify mark retired [
259 silly reify   'C:\\Users\\expert\\Documents\\Codex\\2026-06-03\\c-users-expert-desktop-novax-pro\\node_modules\\shebang-regex'
259 silly reify ]
260 silly reify mark retired [
260 silly reify   'C:\\Users\\expert\\Documents\\Codex\\2026-06-03\\c-users-expert-desktop-novax-pro\\node_modules\\side-channel'
260 silly reify ]
261 silly reify mark retired [
261 silly reify   'C:\\Users\\expert\\Documents\\Codex\\2026-06-03\\c-users-expert-desktop-novax-pro\\node_modules\\side-channel-map'
261 silly reify ]
262 silly reify mark retired [
262 silly reify   'C:\\Users\\expert\\Documents\\Codex\\2026-06-03\\c-users-expert-desktop-novax-pro\\node_modules\\side-channel-list'
262 silly reify ]
263 silly reify mark retired [
263 silly reify   'C:\\Users\\expert\\Documents\\Codex\\2026-06-03\\c-users-expert-desktop-novax-pro\\node_modules\\side-channel-weakmap'
263 silly reify ]
264 silly reify mark retired [
264 silly reify   'C:\\Users\\expert\\Documents\\Codex\\2026-06-03\\c-users-expert-desktop-novax-pro\\node_modules\\stable-hash'
264 silly reify ]
265 silly reify mark retired [
265 silly reify   'C:\\Users\\expert\\Documents\\Codex\\2026-06-03\\c-users-expert-desktop-novax-pro\\node_modules\\stop-iteration-iterator'
265 silly reify ]
266 silly reify mark retired [
266 silly reify   'C:\\Users\\expert\\Documents\\Codex\\2026-06-03\\c-users-expert-desktop-novax-pro\\node_modules\\source-map-js'
266 silly reify ]
267 silly reify mark retired [
267 silly reify   'C:\\Users\\expert\\Documents\\Codex\\2026-06-03\\c-users-expert-desktop-novax-pro\\node_modules\\string.prototype.includes'
267 silly reify ]
268 silly reify mark retired [
268 silly reify   'C:\\Users\\expert\\Documents\\Codex\\2026-06-03\\c-users-expert-desktop-novax-pro\\node_modules\\string.prototype.matchall'
268 silly reify ]
269 silly reify mark retired [
269 silly reify   'C:\\Users\\expert\\Documents\\Codex\\2026-06-03\\c-users-expert-desktop-novax-pro\\node_modules\\string.prototype.repeat'
269 silly reify ]
270 silly reify mark retired [
270 silly reify   'C:\\Users\\expert\\Documents\\Codex\\2026-06-03\\c-users-expert-desktop-novax-pro\\node_modules\\string.prototype.trim'
270 silly reify ]
271 silly reify mark retired [
271 silly reify   'C:\\Users\\expert\\Documents\\Codex\\2026-06-03\\c-users-expert-desktop-novax-pro\\node_modules\\string.prototype.trimend'
271 silly reify ]
272 silly reify mark retired [
272 silly reify   'C:\\Users\\expert\\Documents\\Codex\\2026-06-03\\c-users-expert-desktop-novax-pro\\node_modules\\string.prototype.trimstart'
272 silly reify ]
273 silly reify mark retired [
273 silly reify   'C:\\Users\\expert\\Documents\\Codex\\2026-06-03\\c-users-expert-desktop-novax-pro\\node_modules\\strip-bom'
273 silly reify ]
274 silly reify mark retired [
274 silly reify   'C:\\Users\\expert\\Documents\\Codex\\2026-06-03\\c-users-expert-desktop-novax-pro\\node_modules\\strip-json-comments'
274 silly reify ]
275 silly reify mark retired [
275 silly reify   'C:\\Users\\expert\\Documents\\Codex\\2026-06-03\\c-users-expert-desktop-novax-pro\\node_modules\\styled-jsx'
275 silly reify ]
276 silly reify mark retired [
276 silly reify   'C:\\Users\\expert\\Documents\\Codex\\2026-06-03\\c-users-expert-desktop-novax-pro\\node_modules\\supports-color'
276 silly reify ]
277 silly reify mark retired [
277 silly reify   'C:\\Users\\expert\\Documents\\Codex\\2026-06-03\\c-users-expert-desktop-novax-pro\\node_modules\\supports-preserve-symlinks-flag'
277 silly reify ]
278 silly reify mark retired [
278 silly reify   'C:\\Users\\expert\\Documents\\Codex\\2026-06-03\\c-users-expert-desktop-novax-pro\\node_modules\\tailwindcss'
278 silly reify ]
279 silly reify mark retired [
279 silly reify   'C:\\Users\\expert\\Documents\\Codex\\2026-06-03\\c-users-expert-desktop-novax-pro\\node_modules\\tinyexec'
279 silly reify ]
280 silly reify mark retired [
280 silly reify   'C:\\Users\\expert\\Documents\\Codex\\2026-06-03\\c-users-expert-desktop-novax-pro\\node_modules\\tapable'
280 silly reify ]
281 silly reify mark retired [
281 silly reify   'C:\\Users\\expert\\Documents\\Codex\\2026-06-03\\c-users-expert-desktop-novax-pro\\node_modules\\to-regex-range'
281 silly reify ]
282 silly reify mark retired [
282 silly reify   'C:\\Users\\expert\\Documents\\Codex\\2026-06-03\\c-users-expert-desktop-novax-pro\\node_modules\\tinyglobby'
282 silly reify ]
283 silly reify mark retired [
283 silly reify   'C:\\Users\\expert\\Documents\\Codex\\2026-06-03\\c-users-expert-desktop-novax-pro\\node_modules\\ts-api-utils'
283 silly reify ]
284 silly reify mark retired [
284 silly reify   'C:\\Users\\expert\\Documents\\Codex\\2026-06-03\\c-users-expert-desktop-novax-pro\\node_modules\\tsconfig-paths'
284 silly reify ]
285 silly reify mark retired [
285 silly reify   'C:\\Users\\expert\\Documents\\Codex\\2026-06-03\\c-users-expert-desktop-novax-pro\\node_modules\\tslib'
285 silly reify ]
286 silly reify mark retired [
286 silly reify   'C:\\Users\\expert\\Documents\\Codex\\2026-06-03\\c-users-expert-desktop-novax-pro\\node_modules\\type-check'
286 silly reify ]
287 silly reify mark retired [
287 silly reify   'C:\\Users\\expert\\Documents\\Codex\\2026-06-03\\c-users-expert-desktop-novax-pro\\node_modules\\typed-array-buffer'
287 silly reify ]
288 silly reify mark retired [
288 silly reify   'C:\\Users\\expert\\Documents\\Codex\\2026-06-03\\c-users-expert-desktop-novax-pro\\node_modules\\typed-array-byte-length'
288 silly reify ]
289 silly reify mark retired [
289 silly reify   'C:\\Users\\expert\\Documents\\Codex\\2026-06-03\\c-users-expert-desktop-novax-pro\\node_modules\\typed-array-byte-offset'
289 silly reify ]
290 silly reify mark retired [
290 silly reify   'C:\\Users\\expert\\Documents\\Codex\\2026-06-03\\c-users-expert-desktop-novax-pro\\node_modules\\typed-array-length'
290 silly reify ]
291 silly reify mark retired [
291 silly reify   'C:\\Users\\expert\\Documents\\Codex\\2026-06-03\\c-users-expert-desktop-novax-pro\\node_modules\\typescript'
291 silly reify ]
292 silly reify mark retired [
292 silly reify   'C:\\Users\\expert\\Documents\\Codex\\2026-06-03\\c-users-expert-desktop-novax-pro\\node_modules\\typescript-eslint'
292 silly reify ]
293 silly reify mark retired [
293 silly reify   'C:\\Users\\expert\\Documents\\Codex\\2026-06-03\\c-users-expert-desktop-novax-pro\\node_modules\\unbox-primitive'
293 silly reify ]
294 silly reify mark retired [
294 silly reify   'C:\\Users\\expert\\Documents\\Codex\\2026-06-03\\c-users-expert-desktop-novax-pro\\node_modules\\unrs-resolver'
294 silly reify ]
295 silly reify mark retired [
295 silly reify   'C:\\Users\\expert\\Documents\\Codex\\2026-06-03\\c-users-expert-desktop-novax-pro\\node_modules\\undici-types'
295 silly reify ]
296 silly reify mark retired [
296 silly reify   'C:\\Users\\expert\\Documents\\Codex\\2026-06-03\\c-users-expert-desktop-novax-pro\\node_modules\\uri-js'
296 silly reify ]
297 silly reify mark retired [
297 silly reify   'C:\\Users\\expert\\Documents\\Codex\\2026-06-03\\c-users-expert-desktop-novax-pro\\node_modules\\update-browserslist-db'
297 silly reify ]
298 silly reify mark retired [
298 silly reify   'C:\\Users\\expert\\Documents\\Codex\\2026-06-03\\c-users-expert-desktop-novax-pro\\node_modules\\which-boxed-primitive'
298 silly reify ]
299 silly reify mark retired [
299 silly reify   'C:\\Users\\expert\\Documents\\Codex\\2026-06-03\\c-users-expert-desktop-novax-pro\\node_modules\\which-builtin-type'
299 silly reify ]
300 silly reify mark retired [
300 silly reify   'C:\\Users\\expert\\Documents\\Codex\\2026-06-03\\c-users-expert-desktop-novax-pro\\node_modules\\which'
300 silly reify ]
301 silly reify mark retired [
301 silly reify   'C:\\Users\\expert\\Documents\\Codex\\2026-06-03\\c-users-expert-desktop-novax-pro\\node_modules\\which-collection'
301 silly reify ]
302 silly reify mark retired [
302 silly reify   'C:\\Users\\expert\\Documents\\Codex\\2026-06-03\\c-users-expert-desktop-novax-pro\\node_modules\\which-typed-array'
302 silly reify ]
303 silly reify mark retired [
303 silly reify   'C:\\Users\\expert\\Documents\\Codex\\2026-06-03\\c-users-expert-desktop-novax-pro\\node_modules\\yallist'
303 silly reify ]
304 silly reify mark retired [
304 silly reify   'C:\\Users\\expert\\Documents\\Codex\\2026-06-03\\c-users-expert-desktop-novax-pro\\node_modules\\word-wrap'
304 silly reify ]
305 silly reify mark retired [
305 silly reify   'C:\\Users\\expert\\Documents\\Codex\\2026-06-03\\c-users-expert-desktop-novax-pro\\node_modules\\yocto-queue'
305 silly reify ]
306 silly reify mark retired [
306 silly reify   'C:\\Users\\expert\\Documents\\Codex\\2026-06-03\\c-users-expert-desktop-novax-pro\\node_modules\\zod'
306 silly reify ]
307 silly reify mark retired [
307 silly reify   'C:\\Users\\expert\\Documents\\Codex\\2026-06-03\\c-users-expert-desktop-novax-pro\\node_modules\\zod-validation-error'
307 silly reify ]
308 silly reify mark retired [
308 silly reify   'C:\\Users\\expert\\Documents\\Codex\\2026-06-03\\c-users-expert-desktop-novax-pro\\node_modules\\@alloc\\quick-lru'
308 silly reify ]
309 silly reify mark retired [
309 silly reify   'C:\\Users\\expert\\Documents\\Codex\\2026-06-03\\c-users-expert-desktop-novax-pro\\node_modules\\@babel\\code-frame'
309 silly reify ]
310 silly reify mark retired [
310 silly reify   'C:\\Users\\expert\\Documents\\Codex\\2026-06-03\\c-users-expert-desktop-novax-pro\\node_modules\\@babel\\compat-data'
310 silly reify ]
311 silly reify mark retired [
311 silly reify   'C:\\Users\\expert\\Documents\\Codex\\2026-06-03\\c-users-expert-desktop-novax-pro\\node_modules\\@babel\\core'
311 silly reify ]
312 silly reify mark retired [
312 silly reify   'C:\\Users\\expert\\Documents\\Codex\\2026-06-03\\c-users-expert-desktop-novax-pro\\node_modules\\@babel\\generator'
312 silly reify ]
313 silly reify mark retired [
313 silly reify   'C:\\Users\\expert\\Documents\\Codex\\2026-06-03\\c-users-expert-desktop-novax-pro\\node_modules\\@babel\\helper-compilation-targets'
313 silly reify ]
314 silly reify mark retired [
314 silly reify   'C:\\Users\\expert\\Documents\\Codex\\2026-06-03\\c-users-expert-desktop-novax-pro\\node_modules\\@babel\\helper-globals'
314 silly reify ]
315 silly reify mark retired [
315 silly reify   'C:\\Users\\expert\\Documents\\Codex\\2026-06-03\\c-users-expert-desktop-novax-pro\\node_modules\\@babel\\helper-module-imports'
315 silly reify ]
316 silly reify mark retired [
316 silly reify   'C:\\Users\\expert\\Documents\\Codex\\2026-06-03\\c-users-expert-desktop-novax-pro\\node_modules\\@babel\\helper-module-transforms'
316 silly reify ]
317 silly reify mark retired [
317 silly reify   'C:\\Users\\expert\\Documents\\Codex\\2026-06-03\\c-users-expert-desktop-novax-pro\\node_modules\\@babel\\helper-string-parser'
317 silly reify ]
318 silly reify mark retired [
318 silly reify   'C:\\Users\\expert\\Documents\\Codex\\2026-06-03\\c-users-expert-desktop-novax-pro\\node_modules\\@babel\\helper-validator-option'
318 silly reify ]
319 silly reify mark retired [
319 silly reify   'C:\\Users\\expert\\Documents\\Codex\\2026-06-03\\c-users-expert-desktop-novax-pro\\node_modules\\@babel\\helper-validator-identifier'
319 silly reify ]
320 silly reify mark retired [
320 silly reify   'C:\\Users\\expert\\Documents\\Codex\\2026-06-03\\c-users-expert-desktop-novax-pro\\node_modules\\@babel\\helpers'
320 silly reify ]
321 silly reify mark retired [
321 silly reify   'C:\\Users\\expert\\Documents\\Codex\\2026-06-03\\c-users-expert-desktop-novax-pro\\node_modules\\@babel\\parser'
321 silly reify ]
322 silly reify mark retired [
322 silly reify   'C:\\Users\\expert\\Documents\\Codex\\2026-06-03\\c-users-expert-desktop-novax-pro\\node_modules\\@babel\\template'
322 silly reify ]
323 silly reify mark retired [
323 silly reify   'C:\\Users\\expert\\Documents\\Codex\\2026-06-03\\c-users-expert-desktop-novax-pro\\node_modules\\@babel\\traverse'
323 silly reify ]
324 silly reify mark retired [
324 silly reify   'C:\\Users\\expert\\Documents\\Codex\\2026-06-03\\c-users-expert-desktop-novax-pro\\node_modules\\@babel\\types'
324 silly reify ]
325 silly reify mark retired [
325 silly reify   'C:\\Users\\expert\\Documents\\Codex\\2026-06-03\\c-users-expert-desktop-novax-pro\\node_modules\\@emnapi\\core'
325 silly reify ]
326 silly reify mark retired [
326 silly reify   'C:\\Users\\expert\\Documents\\Codex\\2026-06-03\\c-users-expert-desktop-novax-pro\\node_modules\\@emnapi\\runtime'
326 silly reify ]
327 silly reify mark retired [
327 silly reify   'C:\\Users\\expert\\Documents\\Codex\\2026-06-03\\c-users-expert-desktop-novax-pro\\node_modules\\@emnapi\\wasi-threads'
327 silly reify ]
328 silly reify mark retired [
328 silly reify   'C:\\Users\\expert\\Documents\\Codex\\2026-06-03\\c-users-expert-desktop-novax-pro\\node_modules\\@eslint\\config-array'
328 silly reify ]
329 silly reify mark retired [
329 silly reify   'C:\\Users\\expert\\Documents\\Codex\\2026-06-03\\c-users-expert-desktop-novax-pro\\node_modules\\@eslint\\config-helpers'
329 silly reify ]
330 silly reify mark retired [
330 silly reify   'C:\\Users\\expert\\Documents\\Codex\\2026-06-03\\c-users-expert-desktop-novax-pro\\node_modules\\@eslint\\core'
330 silly reify ]
331 silly reify mark retired [
331 silly reify   'C:\\Users\\expert\\Documents\\Codex\\2026-06-03\\c-users-expert-desktop-novax-pro\\node_modules\\@eslint\\eslintrc'
331 silly reify ]
332 silly reify mark retired [
332 silly reify   'C:\\Users\\expert\\Documents\\Codex\\2026-06-03\\c-users-expert-desktop-novax-pro\\node_modules\\@eslint\\js'
332 silly reify ]
333 silly reify mark retired [
333 silly reify   'C:\\Users\\expert\\Documents\\Codex\\2026-06-03\\c-users-expert-desktop-novax-pro\\node_modules\\@eslint\\object-schema'
333 silly reify ]
334 silly reify mark retired [
334 silly reify   'C:\\Users\\expert\\Documents\\Codex\\2026-06-03\\c-users-expert-desktop-novax-pro\\node_modules\\@eslint\\plugin-kit'
334 silly reify ]
335 silly reify mark retired [
335 silly reify   'C:\\Users\\expert\\Documents\\Codex\\2026-06-03\\c-users-expert-desktop-novax-pro\\node_modules\\@humanfs\\node'
335 silly reify ]
336 silly reify mark retired [
336 silly reify   'C:\\Users\\expert\\Documents\\Codex\\2026-06-03\\c-users-expert-desktop-novax-pro\\node_modules\\@humanfs\\core'
336 silly reify ]
337 silly reify mark retired [
337 silly reify   'C:\\Users\\expert\\Documents\\Codex\\2026-06-03\\c-users-expert-desktop-novax-pro\\node_modules\\@img\\colour'
337 silly reify ]
338 silly reify mark retired [
338 silly reify   'C:\\Users\\expert\\Documents\\Codex\\2026-06-03\\c-users-expert-desktop-novax-pro\\node_modules\\@humanfs\\types'
338 silly reify ]
339 silly reify mark retired [
339 silly reify   'C:\\Users\\expert\\Documents\\Codex\\2026-06-03\\c-users-expert-desktop-novax-pro\\node_modules\\@img\\sharp-win32-x64'
339 silly reify ]
340 silly reify mark retired [
340 silly reify   'C:\\Users\\expert\\Documents\\Codex\\2026-06-03\\c-users-expert-desktop-novax-pro\\node_modules\\@eslint-community\\eslint-utils'
340 silly reify ]
341 silly reify mark retired [
341 silly reify   'C:\\Users\\expert\\Documents\\Codex\\2026-06-03\\c-users-expert-desktop-novax-pro\\node_modules\\@humanwhocodes\\module-importer'
341 silly reify ]
342 silly reify mark retired [
342 silly reify   'C:\\Users\\expert\\Documents\\Codex\\2026-06-03\\c-users-expert-desktop-novax-pro\\node_modules\\@eslint-community\\regexpp'
342 silly reify ]
343 silly reify mark retired [
343 silly reify   'C:\\Users\\expert\\Documents\\Codex\\2026-06-03\\c-users-expert-desktop-novax-pro\\node_modules\\@humanwhocodes\\retry'
343 silly reify ]
344 silly reify mark retired [
344 silly reify   'C:\\Users\\expert\\Documents\\Codex\\2026-06-03\\c-users-expert-desktop-novax-pro\\node_modules\\@jridgewell\\gen-mapping'
344 silly reify ]
345 silly reify mark retired [
345 silly reify   'C:\\Users\\expert\\Documents\\Codex\\2026-06-03\\c-users-expert-desktop-novax-pro\\node_modules\\@jridgewell\\resolve-uri'
345 silly reify ]
346 silly reify mark retired [
346 silly reify   'C:\\Users\\expert\\Documents\\Codex\\2026-06-03\\c-users-expert-desktop-novax-pro\\node_modules\\@jridgewell\\remapping'
346 silly reify ]
347 silly reify mark retired [
347 silly reify   'C:\\Users\\expert\\Documents\\Codex\\2026-06-03\\c-users-expert-desktop-novax-pro\\node_modules\\@jridgewell\\sourcemap-codec'
347 silly reify ]
348 silly reify mark retired [
348 silly reify   'C:\\Users\\expert\\Documents\\Codex\\2026-06-03\\c-users-expert-desktop-novax-pro\\node_modules\\@jridgewell\\trace-mapping'
348 silly reify ]
349 silly reify mark retired [
349 silly reify   'C:\\Users\\expert\\Documents\\Codex\\2026-06-03\\c-users-expert-desktop-novax-pro\\node_modules\\@napi-rs\\wasm-runtime'
349 silly reify ]
350 silly reify mark retired [
350 silly reify   'C:\\Users\\expert\\Documents\\Codex\\2026-06-03\\c-users-expert-desktop-novax-pro\\node_modules\\@next\\env'
350 silly reify ]
351 silly reify mark retired [
351 silly reify   'C:\\Users\\expert\\Documents\\Codex\\2026-06-03\\c-users-expert-desktop-novax-pro\\node_modules\\@next\\swc-win32-x64-msvc'
351 silly reify ]
352 silly reify mark retired [
352 silly reify   'C:\\Users\\expert\\Documents\\Codex\\2026-06-03\\c-users-expert-desktop-novax-pro\\node_modules\\@next\\eslint-plugin-next'
352 silly reify ]
353 silly reify mark retired [
353 silly reify   'C:\\Users\\expert\\Documents\\Codex\\2026-06-03\\c-users-expert-desktop-novax-pro\\node_modules\\@nodelib\\fs.scandir'
353 silly reify ]
354 silly reify mark retired [
354 silly reify   'C:\\Users\\expert\\Documents\\Codex\\2026-06-03\\c-users-expert-desktop-novax-pro\\node_modules\\@nodelib\\fs.walk'
354 silly reify ]
355 silly reify mark retired [
355 silly reify   'C:\\Users\\expert\\Documents\\Codex\\2026-06-03\\c-users-expert-desktop-novax-pro\\node_modules\\@nodelib\\fs.stat'
355 silly reify ]
356 silly reify mark retired [
356 silly reify   'C:\\Users\\expert\\Documents\\Codex\\2026-06-03\\c-users-expert-desktop-novax-pro\\node_modules\\@nolyfill\\is-core-module'
356 silly reify ]
357 silly reify mark retired [
357 silly reify   'C:\\Users\\expert\\Documents\\Codex\\2026-06-03\\c-users-expert-desktop-novax-pro\\node_modules\\@prisma\\client'
357 silly reify ]
358 silly reify mark retired [
358 silly reify   'C:\\Users\\expert\\Documents\\Codex\\2026-06-03\\c-users-expert-desktop-novax-pro\\node_modules\\@prisma\\debug'
358 silly reify ]
359 silly reify mark retired [
359 silly reify   'C:\\Users\\expert\\Documents\\Codex\\2026-06-03\\c-users-expert-desktop-novax-pro\\node_modules\\@prisma\\config'
359 silly reify ]
360 silly reify mark retired [
360 silly reify   'C:\\Users\\expert\\Documents\\Codex\\2026-06-03\\c-users-expert-desktop-novax-pro\\node_modules\\@prisma\\engines'
360 silly reify ]
361 silly reify mark retired [
361 silly reify   'C:\\Users\\expert\\Documents\\Codex\\2026-06-03\\c-users-expert-desktop-novax-pro\\node_modules\\@prisma\\fetch-engine'
361 silly reify ]
362 silly reify mark retired [
362 silly reify   'C:\\Users\\expert\\Documents\\Codex\\2026-06-03\\c-users-expert-desktop-novax-pro\\node_modules\\@prisma\\get-platform'
362 silly reify ]
363 silly reify mark retired [
363 silly reify   'C:\\Users\\expert\\Documents\\Codex\\2026-06-03\\c-users-expert-desktop-novax-pro\\node_modules\\@rtsao\\scc'
363 silly reify ]
364 silly reify mark retired [
364 silly reify   'C:\\Users\\expert\\Documents\\Codex\\2026-06-03\\c-users-expert-desktop-novax-pro\\node_modules\\@prisma\\engines-version'
364 silly reify ]
365 silly reify mark retired [
365 silly reify   'C:\\Users\\expert\\Documents\\Codex\\2026-06-03\\c-users-expert-desktop-novax-pro\\node_modules\\@standard-schema\\spec'
365 silly reify ]
366 silly reify mark retired [
366 silly reify   'C:\\Users\\expert\\Documents\\Codex\\2026-06-03\\c-users-expert-desktop-novax-pro\\node_modules\\@swc\\helpers'
366 silly reify ]
367 silly reify mark retired [
367 silly reify   'C:\\Users\\expert\\Documents\\Codex\\2026-06-03\\c-users-expert-desktop-novax-pro\\node_modules\\@tailwindcss\\oxide'
367 silly reify ]
368 silly reify mark retired [
368 silly reify   'C:\\Users\\expert\\Documents\\Codex\\2026-06-03\\c-users-expert-desktop-novax-pro\\node_modules\\@tailwindcss\\node'
368 silly reify ]
369 silly reify mark retired [
369 silly reify   'C:\\Users\\expert\\Documents\\Codex\\2026-06-03\\c-users-expert-desktop-novax-pro\\node_modules\\@tailwindcss\\postcss'
369 silly reify ]
370 silly reify mark retired [
370 silly reify   'C:\\Users\\expert\\Documents\\Codex\\2026-06-03\\c-users-expert-desktop-novax-pro\\node_modules\\@tybys\\wasm-util'
370 silly reify ]
371 silly reify mark retired [
371 silly reify   'C:\\Users\\expert\\Documents\\Codex\\2026-06-03\\c-users-expert-desktop-novax-pro\\node_modules\\@tailwindcss\\oxide-win32-x64-msvc'
371 silly reify ]
372 silly reify mark retired [
372 silly reify   'C:\\Users\\expert\\Documents\\Codex\\2026-06-03\\c-users-expert-desktop-novax-pro\\node_modules\\@types\\estree'
372 silly reify ]
373 silly reify mark retired [
373 silly reify   'C:\\Users\\expert\\Documents\\Codex\\2026-06-03\\c-users-expert-desktop-novax-pro\\node_modules\\@types\\json5'
373 silly reify ]
374 silly reify mark retired [
374 silly reify   'C:\\Users\\expert\\Documents\\Codex\\2026-06-03\\c-users-expert-desktop-novax-pro\\node_modules\\@types\\json-schema'
374 silly reify ]
375 silly reify mark retired [
375 silly reify   'C:\\Users\\expert\\Documents\\Codex\\2026-06-03\\c-users-expert-desktop-novax-pro\\node_modules\\@types\\react'
375 silly reify ]
376 silly reify mark retired [
376 silly reify   'C:\\Users\\expert\\Documents\\Codex\\2026-06-03\\c-users-expert-desktop-novax-pro\\node_modules\\@types\\node'
376 silly reify ]
377 silly reify mark retired [
377 silly reify   'C:\\Users\\expert\\Documents\\Codex\\2026-06-03\\c-users-expert-desktop-novax-pro\\node_modules\\@types\\react-dom'
377 silly reify ]
378 silly reify mark retired [
378 silly reify   'C:\\Users\\expert\\Documents\\Codex\\2026-06-03\\c-users-expert-desktop-novax-pro\\node_modules\\@typescript-eslint\\eslint-plugin'
378 silly reify ]
379 silly reify mark retired [
379 silly reify   'C:\\Users\\expert\\Documents\\Codex\\2026-06-03\\c-users-expert-desktop-novax-pro\\node_modules\\@typescript-eslint\\project-service'
379 silly reify ]
380 silly reify mark retired [
380 silly reify   'C:\\Users\\expert\\Documents\\Codex\\2026-06-03\\c-users-expert-desktop-novax-pro\\node_modules\\@typescript-eslint\\scope-manager'
380 silly reify ]
381 silly reify mark retired [
381 silly reify   'C:\\Users\\expert\\Documents\\Codex\\2026-06-03\\c-users-expert-desktop-novax-pro\\node_modules\\@typescript-eslint\\parser'
381 silly reify ]
382 silly reify mark retired [
382 silly reify   'C:\\Users\\expert\\Documents\\Codex\\2026-06-03\\c-users-expert-desktop-novax-pro\\node_modules\\@typescript-eslint\\type-utils'
382 silly reify ]
383 silly reify mark retired [
383 silly reify   'C:\\Users\\expert\\Documents\\Codex\\2026-06-03\\c-users-expert-desktop-novax-pro\\node_modules\\@typescript-eslint\\types'
383 silly reify ]
384 silly reify mark retired [
384 silly reify   'C:\\Users\\expert\\Documents\\Codex\\2026-06-03\\c-users-expert-desktop-novax-pro\\node_modules\\@typescript-eslint\\tsconfig-utils'
384 silly reify ]
385 silly reify mark retired [
385 silly reify   'C:\\Users\\expert\\Documents\\Codex\\2026-06-03\\c-users-expert-desktop-novax-pro\\node_modules\\@typescript-eslint\\typescript-estree'
385 silly reify ]
386 silly reify mark retired [
386 silly reify   'C:\\Users\\expert\\Documents\\Codex\\2026-06-03\\c-users-expert-desktop-novax-pro\\node_modules\\@typescript-eslint\\utils'
386 silly reify ]
387 silly reify mark retired [
387 silly reify   'C:\\Users\\expert\\Documents\\Codex\\2026-06-03\\c-users-expert-desktop-novax-pro\\node_modules\\@typescript-eslint\\visitor-keys'
387 silly reify ]
388 silly reify mark retired [
388 silly reify   'C:\\Users\\expert\\Documents\\Codex\\2026-06-03\\c-users-expert-desktop-novax-pro\\node_modules\\@unrs\\resolver-binding-win32-x64-msvc'
388 silly reify ]
389 silly reify moves {
389 silly reify   'C:\\Users\\expert\\Documents\\Codex\\2026-06-03\\c-users-expert-desktop-novax-pro\\node_modules\\acorn': 'C:\\Users\\expert\\Documents\\Codex\\2026-06-03\\c-users-expert-desktop-novax-pro\\node_modules\\.acorn-SZK0CEyX',
389 silly reify   'C:\\Users\\expert\\Documents\\Codex\\2026-06-03\\c-users-expert-desktop-novax-pro\\node_modules\\ansi-styles': 'C:\\Users\\expert\\Documents\\Codex\\2026-06-03\\c-users-expert-desktop-novax-pro\\node_modules\\.ansi-styles-6gdxgvKk',
389 silly reify   'C:\\Users\\expert\\Documents\\Codex\\2026-06-03\\c-users-expert-desktop-novax-pro\\node_modules\\acorn-jsx': 'C:\\Users\\expert\\Documents\\Codex\\2026-06-03\\c-users-expert-desktop-novax-pro\\node_modules\\.acorn-jsx-ZdXMc4CI',
389 silly reify   'C:\\Users\\expert\\Documents\\Codex\\2026-06-03\\c-users-expert-desktop-novax-pro\\node_modules\\argparse': 'C:\\Users\\expert\\Documents\\Codex\\2026-06-03\\c-users-expert-desktop-novax-pro\\node_modules\\.argparse-qbwt2I7w',
389 silly reify   'C:\\Users\\expert\\Documents\\Codex\\2026-06-03\\c-users-expert-desktop-novax-pro\\node_modules\\ajv': 'C:\\Users\\expert\\Documents\\Codex\\2026-06-03\\c-users-expert-desktop-novax-pro\\node_modules\\.ajv-vS6G0ba6',
389 silly reify   'C:\\Users\\expert\\Documents\\Codex\\2026-06-03\\c-users-expert-desktop-novax-pro\\node_modules\\aria-query': 'C:\\Users\\expert\\Documents\\Codex\\2026-06-03\\c-users-expert-desktop-novax-pro\\node_modules\\.aria-query-3fiBbTBn',
389 silly reify   'C:\\Users\\expert\\Documents\\Codex\\2026-06-03\\c-users-expert-desktop-novax-pro\\node_modules\\array-buffer-byte-length': 'C:\\Users\\expert\\Documents\\Codex\\2026-06-03\\c-users-expert-desktop-novax-pro\\node_modules\\.array-buffer-byte-length-t4GAjwAa',
389 silly reify   'C:\\Users\\expert\\Documents\\Codex\\2026-06-03\\c-users-expert-desktop-novax-pro\\node_modules\\array.prototype.findlastindex': 'C:\\Users\\expert\\Documents\\Codex\\2026-06-03\\c-users-expert-desktop-novax-pro\\node_modules\\.array.prototype.findlastindex-qGtGVsdl',
389 silly reify   'C:\\Users\\expert\\Documents\\Codex\\2026-06-03\\c-users-expert-desktop-novax-pro\\node_modules\\array.prototype.flatmap': 'C:\\Users\\expert\\Documents\\Codex\\2026-06-03\\c-users-expert-desktop-novax-pro\\node_modules\\.array.prototype.flatmap-MLmv0zN2',
389 silly reify   'C:\\Users\\expert\\Documents\\Codex\\2026-06-03\\c-users-expert-desktop-novax-pro\\node_modules\\array-includes': 'C:\\Users\\expert\\Documents\\Codex\\2026-06-03\\c-users-expert-desktop-novax-pro\\node_modules\\.array-includes-ZuSnBeCO',
389 silly reify   'C:\\Users\\expert\\Documents\\Codex\\2026-06-03\\c-users-expert-desktop-novax-pro\\node_modules\\array.prototype.flat': 'C:\\Users\\expert\\Documents\\Codex\\2026-06-03\\c-users-expert-desktop-novax-pro\\node_modules\\.array.prototype.flat-ckBxQsvu',
389 silly reify   'C:\\Users\\expert\\Documents\\Codex\\2026-06-03\\c-users-expert-desktop-novax-pro\\node_modules\\array.prototype.findlast': 'C:\\Users\\expert\\Documents\\Codex\\2026-06-03\\c-users-expert-desktop-novax-pro\\node_modules\\.array.prototype.findlast-7KJ1WKYe',
389 silly reify   'C:\\Users\\expert\\Documents\\Codex\\2026-06-03\\c-users-expert-desktop-novax-pro\\node_modules\\arraybuffer.prototype.slice': 'C:\\Users\\expert\\Documents\\Codex\\2026-06-03\\c-users-expert-desktop-novax-pro\\node_modules\\.arraybuffer.prototype.slice-Eh7OGkYi',
389 silly reify   'C:\\Users\\expert\\Documents\\Codex\\2026-06-03\\c-users-expert-desktop-novax-pro\\node_modules\\array.prototype.tosorted': 'C:\\Users\\expert\\Documents\\Codex\\2026-06-03\\c-users-expert-desktop-novax-pro\\node_modules\\.array.prototype.tosorted-jiXLh6VZ',
389 silly reify   'C:\\Users\\expert\\Documents\\Codex\\2026-06-03\\c-users-expert-desktop-novax-pro\\node_modules\\async-function': 'C:\\Users\\expert\\Documents\\Codex\\2026-06-03\\c-users-expert-desktop-novax-pro\\node_modules\\.async-function-yLpptjQL',
389 silly reify   'C:\\Users\\expert\\Documents\\Codex\\2026-06-03\\c-users-expert-desktop-novax-pro\\node_modules\\ast-types-flow': 'C:\\Users\\expert\\Documents\\Codex\\2026-06-03\\c-users-expert-desktop-novax-pro\\node_modules\\.ast-types-flow-TioHutcp',
389 silly reify   'C:\\Users\\expert\\Documents\\Codex\\2026-06-03\\c-users-expert-desktop-novax-pro\\node_modules\\available-typed-arrays': 'C:\\Users\\expert\\Documents\\Codex\\2026-06-03\\c-users-expert-desktop-novax-pro\\node_modules\\.available-typed-arrays-0zNe67Qp',
389 silly reify   'C:\\Users\\expert\\Documents\\Codex\\2026-06-03\\c-users-expert-desktop-novax-pro\\node_modules\\axe-core': 'C:\\Users\\expert\\Documents\\Codex\\2026-06-03\\c-users-expert-desktop-novax-pro\\node_modules\\.axe-core-7A0s91zR',
389 silly reify   'C:\\Users\\expert\\Documents\\Codex\\2026-06-03\\c-users-expert-desktop-novax-pro\\node_modules\\balanced-match': 'C:\\Users\\expert\\Documents\\Codex\\2026-06-03\\c-users-expert-desktop-novax-pro\\node_modules\\.balanced-match-mJjUtALO',
389 silly reify   'C:\\Users\\expert\\Documents\\Codex\\2026-06-03\\c-users-expert-desktop-novax-pro\\node_modules\\axobject-query': 'C:\\Users\\expert\\Documents\\Codex\\2026-06-03\\c-users-expert-desktop-novax-pro\\node_modules\\.axobject-query-WF5bWI8g',
389 silly reify   'C:\\Users\\expert\\Documents\\Codex\\2026-06-03\\c-users-expert-desktop-novax-pro\\node_modules\\baseline-browser-mapping': 'C:\\Users\\expert\\Documents\\Codex\\2026-06-03\\c-users-expert-desktop-novax-pro\\node_modules\\.baseline-browser-mapping-PrNSI3oT',
389 silly reify   'C:\\Users\\expert\\Documents\\Codex\\2026-06-03\\c-users-expert-desktop-novax-pro\\node_modules\\brace-expansion': 'C:\\Users\\expert\\Documents\\Codex\\2026-06-03\\c-users-expert-desktop-novax-pro\\node_modules\\.brace-expansion-r7mVtjvi',
389 silly reify   'C:\\Users\\expert\\Documents\\Codex\\2026-06-03\\c-users-expert-desktop-novax-pro\\node_modules\\browserslist': 'C:\\Users\\expert\\Documents\\Codex\\2026-06-03\\c-users-expert-desktop-novax-pro\\node_modules\\.browserslist-lvE6WO43',
389 silly reify   'C:\\Users\\expert\\Documents\\Codex\\2026-06-03\\c-users-expert-desktop-novax-pro\\node_modules\\braces': 'C:\\Users\\expert\\Documents\\Codex\\2026-06-03\\c-users-expert-desktop-novax-pro\\node_modules\\.braces-U6HHrVhS',
389 silly reify   'C:\\Users\\expert\\Documents\\Codex\\2026-06-03\\c-users-expert-desktop-novax-pro\\node_modules\\c12': 'C:\\Users\\expert\\Documents\\Codex\\2026-06-03\\c-users-expert-desktop-novax-pro\\node_modules\\.c12-ltiBx3KJ',
389 silly reify   'C:\\Users\\expert\\Documents\\Codex\\2026-06-03\\c-users-expert-desktop-novax-pro\\node_modules\\call-bind': 'C:\\Users\\expert\\Documents\\Codex\\2026-06-03\\c-users-expert-desktop-novax-pro\\node_modules\\.call-bind-jTFBMtNl',
389 silly reify   'C:\\Users\\expert\\Documents\\Codex\\2026-06-03\\c-users-expert-desktop-novax-pro\\node_modules\\call-bind-apply-helpers': 'C:\\Users\\expert\\Documents\\Codex\\2026-06-03\\c-users-expert-desktop-novax-pro\\node_modules\\.call-bind-apply-helpers-A6NHqk0V',
389 silly reify   'C:\\Users\\expert\\Documents\\Codex\\2026-06-03\\c-users-expert-desktop-novax-pro\\node_modules\\callsites': 'C:\\Users\\expert\\Documents\\Codex\\2026-06-03\\c-users-expert-desktop-novax-pro\\node_modules\\.callsites-TDcfLOx9',
389 silly reify   'C:\\Users\\expert\\Documents\\Codex\\2026-06-03\\c-users-expert-desktop-novax-pro\\node_modules\\caniuse-lite': 'C:\\Users\\expert\\Documents\\Codex\\2026-06-03\\c-users-expert-desktop-novax-pro\\node_modules\\.caniuse-lite-IvAuH7GU',
389 silly reify   'C:\\Users\\expert\\Documents\\Codex\\2026-06-03\\c-users-expert-desktop-novax-pro\\node_modules\\call-bound': 'C:\\Users\\expert\\Documents\\Codex\\2026-06-03\\c-users-expert-desktop-novax-pro\\node_modules\\.call-bound-KFjwlmUk',
389 silly reify   'C:\\Users\\expert\\Documents\\Codex\\2026-06-03\\c-users-expert-desktop-novax-pro\\node_modules\\chalk': 'C:\\Users\\expert\\Documents\\Codex\\2026-06-03\\c-users-expert-desktop-novax-pro\\node_modules\\.chalk-immUH5Ec',
389 silly reify   'C:\\Users\\expert\\Documents\\Codex\\2026-06-03\\c-users-expert-desktop-novax-pro\\node_modules\\chokidar': 'C:\\Users\\expert\\Documents\\Codex\\2026-06-03\\c-users-expert-desktop-novax-pro\\node_modules\\.chokidar-jyB7iCJb',
389 silly reify   'C:\\Users\\expert\\Documents\\Codex\\2026-06-03\\c-users-expert-desktop-novax-pro\\node_modules\\client-only': 'C:\\Users\\expert\\Documents\\Codex\\2026-06-03\\c-users-expert-desktop-novax-pro\\node_modules\\.client-only-0zvJjCG2',
389 silly reify   'C:\\Users\\expert\\Documents\\Codex\\2026-06-03\\c-users-expert-desktop-novax-pro\\node_modules\\citty': 'C:\\Users\\expert\\Documents\\Codex\\2026-06-03\\c-users-expert-desktop-novax-pro\\node_modules\\.citty-b0VYmIq3',
389 silly reify   'C:\\Users\\expert\\Documents\\Codex\\2026-06-03\\c-users-expert-desktop-novax-pro\\node_modules\\color-convert': 'C:\\Users\\expert\\Documents\\Codex\\2026-06-03\\c-users-expert-desktop-novax-pro\\node_modules\\.color-convert-t7CfaAg3',
389 silly reify   'C:\\Users\\expert\\Documents\\Codex\\2026-06-03\\c-users-expert-desktop-novax-pro\\node_modules\\color-name': 'C:\\Users\\expert\\Documents\\Codex\\2026-06-03\\c-users-expert-desktop-novax-pro\\node_modules\\.color-name-nJgteLIh',
389 silly reify   'C:\\Users\\expert\\Documents\\Codex\\2026-06-03\\c-users-expert-desktop-novax-pro\\node_modules\\concat-map': 'C:\\Users\\expert\\Documents\\Codex\\2026-06-03\\c-users-expert-desktop-novax-pro\\node_modules\\.concat-map-GGuZw2Yn',
389 silly reify   'C:\\Users\\expert\\Documents\\Codex\\2026-06-03\\c-users-expert-desktop-novax-pro\\node_modules\\confbox': 'C:\\Users\\expert\\Documents\\Codex\\2026-06-03\\c-users-expert-desktop-novax-pro\\node_modules\\.confbox-Izhv3nar',
389 silly reify   'C:\\Users\\expert\\Documents\\Codex\\2026-06-03\\c-users-expert-desktop-novax-pro\\node_modules\\consola': 'C:\\Users\\expert\\Documents\\Codex\\2026-06-03\\c-users-expert-desktop-novax-pro\\node_modules\\.consola-bQeNNxLj',
389 silly reify   'C:\\Users\\expert\\Documents\\Codex\\2026-06-03\\c-users-expert-desktop-novax-pro\\node_modules\\convert-source-map': 'C:\\Users\\expert\\Documents\\Codex\\2026-06-03\\c-users-expert-desktop-novax-pro\\node_modules\\.convert-source-map-lS4lpsMR',
389 silly reify   'C:\\Users\\expert\\Documents\\Codex\\2026-06-03\\c-users-expert-desktop-novax-pro\\node_modules\\cross-spawn': 'C:\\Users\\expert\\Documents\\Codex\\2026-06-03\\c-users-expert-desktop-novax-pro\\node_modules\\.cross-spawn-EaGb6bPq',
389 silly reify   'C:\\Users\\expert\\Documents\\Codex\\2026-06-03\\c-users-expert-desktop-novax-pro\\node_modules\\damerau-levenshtein': 'C:\\Users\\expert\\Documents\\Codex\\2026-06-03\\c-users-expert-desktop-novax-pro\\node_modules\\.damerau-levenshtein-Ph85gndy',
389 silly reify   'C:\\Users\\expert\\Documents\\Codex\\2026-06-03\\c-users-expert-desktop-novax-pro\\node_modules\\csstype': 'C:\\Users\\expert\\Documents\\Codex\\2026-06-03\\c-users-expert-desktop-novax-pro\\node_modules\\.csstype-77gQH1BW',
389 silly reify   'C:\\Users\\expert\\Documents\\Codex\\2026-06-03\\c-users-expert-desktop-novax-pro\\node_modules\\data-view-buffer': 'C:\\Users\\expert\\Documents\\Codex\\2026-06-03\\c-users-expert-desktop-novax-pro\\node_modules\\.data-view-buffer-UwBoW0gN',
389 silly reify   'C:\\Users\\expert\\Documents\\Codex\\2026-06-03\\c-users-expert-desktop-novax-pro\\node_modules\\data-view-byte-length': 'C:\\Users\\expert\\Documents\\Codex\\2026-06-03\\c-users-expert-desktop-novax-pro\\node_modules\\.data-view-byte-length-WCVI3j3P',
389 silly reify   'C:\\Users\\expert\\Documents\\Codex\\2026-06-03\\c-users-expert-desktop-novax-pro\\node_modules\\data-view-byte-offset': 'C:\\Users\\expert\\Documents\\Codex\\2026-06-03\\c-users-expert-desktop-novax-pro\\node_modules\\.data-view-byte-offset-h6sskn1C',
389 silly reify   'C:\\Users\\expert\\Documents\\Codex\\2026-06-03\\c-users-expert-desktop-novax-pro\\node_modules\\deep-is': 'C:\\Users\\expert\\Documents\\Codex\\2026-06-03\\c-users-expert-desktop-novax-pro\\node_modules\\.deep-is-HwWBEMdU',
389 silly reify   'C:\\Users\\expert\\Documents\\Codex\\2026-06-03\\c-users-expert-desktop-novax-pro\\node_modules\\debug': 'C:\\Users\\expert\\Documents\\Codex\\2026-06-03\\c-users-expert-desktop-novax-pro\\node_modules\\.debug-7oPVJ7GL',
389 silly reify   'C:\\Users\\expert\\Documents\\Codex\\2026-06-03\\c-users-expert-desktop-novax-pro\\node_modules\\deepmerge-ts': 'C:\\Users\\expert\\Documents\\Codex\\2026-06-03\\c-users-expert-desktop-novax-pro\\node_modules\\.deepmerge-ts-uh2pSlSy',
389 silly reify   'C:\\Users\\expert\\Documents\\Codex\\2026-06-03\\c-users-expert-desktop-novax-pro\\node_modules\\define-data-property': 'C:\\Users\\expert\\Documents\\Codex\\2026-06-03\\c-users-expert-desktop-novax-pro\\node_modules\\.define-data-property-T8RbjtZ2',
389 silly reify   'C:\\Users\\expert\\Documents\\Codex\\2026-06-03\\c-users-expert-desktop-novax-pro\\node_modules\\define-properties': 'C:\\Users\\expert\\Documents\\Codex\\2026-06-03\\c-users-expert-desktop-novax-pro\\node_modules\\.define-properties-OHeYUrzA',
389 silly reify   'C:\\Users\\expert\\Documents\\Codex\\2026-06-03\\c-users-expert-desktop-novax-pro\\node_modules\\defu': 'C:\\Users\\expert\\Documents\\Codex\\2026-06-03\\c-users-expert-desktop-novax-pro\\node_modules\\.defu-f6PlEZ8J',
389 silly reify   'C:\\Users\\expert\\Documents\\Codex\\2026-06-03\\c-users-expert-desktop-novax-pro\\node_modules\\destr': 'C:\\Users\\expert\\Documents\\Codex\\2026-06-03\\c-users-expert-desktop-novax-pro\\node_modules\\.destr-IhKtZ8z0',
389 silly reify   'C:\\Users\\expert\\Documents\\Codex\\2026-06-03\\c-users-expert-desktop-novax-pro\\node_modules\\detect-libc': 'C:\\Users\\expert\\Documents\\Codex\\2026-06-03\\c-users-expert-desktop-novax-pro\\node_modules\\.detect-libc-psnQuUla',
389 silly reify   'C:\\Users\\expert\\Documents\\Codex\\2026-06-03\\c-users-expert-desktop-novax-pro\\node_modules\\doctrine': 'C:\\Users\\expert\\Documents\\Codex\\2026-06-03\\c-users-expert-desktop-novax-pro\\node_modules\\.doctrine-JmrjIKNS',
389 silly reify   'C:\\Users\\expert\\Documents\\Codex\\2026-06-03\\c-users-expert-desktop-novax-pro\\node_modules\\dunder-proto': 'C:\\Users\\expert\\Documents\\Codex\\2026-06-03\\c-users-expert-desktop-novax-pro\\node_modules\\.dunder-proto-tdwZj0Md',
389 silly reify   'C:\\Users\\expert\\Documents\\Codex\\2026-06-03\\c-users-expert-desktop-novax-pro\\node_modules\\dotenv': 'C:\\Users\\expert\\Documents\\Codex\\2026-06-03\\c-users-expert-desktop-novax-pro\\node_modules\\.dotenv-t1j09bz1',
389 silly reify   'C:\\Users\\expert\\Documents\\Codex\\2026-06-03\\c-users-expert-desktop-novax-pro\\node_modules\\effect': 'C:\\Users\\expert\\Documents\\Codex\\2026-06-03\\c-users-expert-desktop-novax-pro\\node_modules\\.effect-YXgt28wj',
389 silly reify   'C:\\Users\\expert\\Documents\\Codex\\2026-06-03\\c-users-expert-desktop-novax-pro\\node_modules\\electron-to-chromium': 'C:\\Users\\expert\\Documents\\Codex\\2026-06-03\\c-users-expert-desktop-novax-pro\\node_modules\\.electron-to-chromium-jY17dOcL',
389 silly reify   'C:\\Users\\expert\\Documents\\Codex\\2026-06-03\\c-users-expert-desktop-novax-pro\\node_modules\\emoji-regex': 'C:\\Users\\expert\\Documents\\Codex\\2026-06-03\\c-users-expert-desktop-novax-pro\\node_modules\\.emoji-regex-d7LrWsbx',
389 silly reify   'C:\\Users\\expert\\Documents\\Codex\\2026-06-03\\c-users-expert-desktop-novax-pro\\node_modules\\es-abstract': 'C:\\Users\\expert\\Documents\\Codex\\2026-06-03\\c-users-expert-desktop-novax-pro\\node_modules\\.es-abstract-pzyhYsrx',
389 silly reify   'C:\\Users\\expert\\Documents\\Codex\\2026-06-03\\c-users-expert-desktop-novax-pro\\node_modules\\enhanced-resolve': 'C:\\Users\\expert\\Documents\\Codex\\2026-06-03\\c-users-expert-desktop-novax-pro\\node_modules\\.enhanced-resolve-ynPwPn4u',
389 silly reify   'C:\\Users\\expert\\Documents\\Codex\\2026-06-03\\c-users-expert-desktop-novax-pro\\node_modules\\es-define-property': 'C:\\Users\\expert\\Documents\\Codex\\2026-06-03\\c-users-expert-desktop-novax-pro\\node_modules\\.es-define-property-z4uoonLN',
389 silly reify   'C:\\Users\\expert\\Documents\\Codex\\2026-06-03\\c-users-expert-desktop-novax-pro\\node_modules\\empathic': 'C:\\Users\\expert\\Documents\\Codex\\2026-06-03\\c-users-expert-desktop-novax-pro\\node_modules\\.empathic-9FZYM3DR',
389 silly reify   'C:\\Users\\expert\\Documents\\Codex\\2026-06-03\\c-users-expert-desktop-novax-pro\\node_modules\\es-iterator-helpers': 'C:\\Users\\expert\\Documents\\Codex\\2026-06-03\\c-users-expert-desktop-novax-pro\\node_modules\\.es-iterator-helpers-fnwBlbOv',
389 silly reify   'C:\\Users\\expert\\Documents\\Codex\\2026-06-03\\c-users-expert-desktop-novax-pro\\node_modules\\es-errors': 'C:\\Users\\expert\\Documents\\Codex\\2026-06-03\\c-users-expert-desktop-novax-pro\\node_modules\\.es-errors-BydHF2Xr',
389 silly reify   'C:\\Users\\expert\\Documents\\Codex\\2026-06-03\\c-users-expert-desktop-novax-pro\\node_modules\\es-object-atoms': 'C:\\Users\\expert\\Documents\\Codex\\2026-06-03\\c-users-expert-desktop-novax-pro\\node_modules\\.es-object-atoms-zy0FXeBG',
389 silly reify   'C:\\Users\\expert\\Documents\\Codex\\2026-06-03\\c-users-expert-desktop-novax-pro\\node_modules\\es-set-tostringtag': 'C:\\Users\\expert\\Documents\\Codex\\2026-06-03\\c-users-expert-desktop-novax-pro\\node_modules\\.es-set-tostringtag-zyag0dip',
389 silly reify   'C:\\Users\\expert\\Documents\\Codex\\2026-06-03\\c-users-expert-desktop-novax-pro\\node_modules\\es-to-primitive': 'C:\\Users\\expert\\Documents\\Codex\\2026-06-03\\c-users-expert-desktop-novax-pro\\node_modules\\.es-to-primitive-kU7V6Ojo',
389 silly reify   'C:\\Users\\expert\\Documents\\Codex\\2026-06-03\\c-users-expert-desktop-novax-pro\\node_modules\\escalade': 'C:\\Users\\expert\\Documents\\Codex\\2026-06-03\\c-users-expert-desktop-novax-pro\\node_modules\\.escalade-V41r6gI5',
389 silly reify   'C:\\Users\\expert\\Documents\\Codex\\2026-06-03\\c-users-expert-desktop-novax-pro\\node_modules\\escape-string-regexp': 'C:\\Users\\expert\\Documents\\Codex\\2026-06-03\\c-users-expert-desktop-novax-pro\\node_modules\\.escape-string-regexp-gnbyGtpk',
389 silly reify   'C:\\Users\\expert\\Documents\\Codex\\2026-06-03\\c-users-expert-desktop-novax-pro\\node_modules\\eslint': 'C:\\Users\\expert\\Documents\\Codex\\2026-06-03\\c-users-expert-desktop-novax-pro\\node_modules\\.eslint-PAs0zpXl',
389 silly reify   'C:\\Users\\expert\\Documents\\Codex\\2026-06-03\\c-users-expert-desktop-novax-pro\\node_modules\\es-shim-unscopables': 'C:\\Users\\expert\\Documents\\Codex\\2026-06-03\\c-users-expert-desktop-novax-pro\\node_modules\\.es-shim-unscopables-JVJwQjh2',
389 silly reify   'C:\\Users\\expert\\Documents\\Codex\\2026-06-03\\c-users-expert-desktop-novax-pro\\node_modules\\eslint-config-next': 'C:\\Users\\expert\\Documents\\Codex\\2026-06-03\\c-users-expert-desktop-novax-pro\\node_modules\\.eslint-config-next-Xn2qZ9kN',
389 silly reify   'C:\\Users\\expert\\Documents\\Codex\\2026-06-03\\c-users-expert-desktop-novax-pro\\node_modules\\eslint-import-resolver-node': 'C:\\Users\\expert\\Documents\\Codex\\2026-06-03\\c-users-expert-desktop-novax-pro\\node_modules\\.eslint-import-resolver-node-uOo0BntG',
389 silly reify   'C:\\Users\\expert\\Documents\\Codex\\2026-06-03\\c-users-expert-desktop-novax-pro\\node_modules\\eslint-import-resolver-typescript': 'C:\\Users\\expert\\Documents\\Codex\\2026-06-03\\c-users-expert-desktop-novax-pro\\node_modules\\.eslint-import-resolver-typescript-TTd7SWyH',
389 silly reify   'C:\\Users\\expert\\Documents\\Codex\\2026-06-03\\c-users-expert-desktop-novax-pro\\node_modules\\eslint-module-utils': 'C:\\Users\\expert\\Documents\\Codex\\2026-06-03\\c-users-expert-desktop-novax-pro\\node_modules\\.eslint-module-utils-o9SnUDQ3',
389 silly reify   'C:\\Users\\expert\\Documents\\Codex\\2026-06-03\\c-users-expert-desktop-novax-pro\\node_modules\\eslint-plugin-import': 'C:\\Users\\expert\\Documents\\Codex\\2026-06-03\\c-users-expert-desktop-novax-pro\\node_modules\\.eslint-plugin-import-vaEA15Y2',
389 silly reify   'C:\\Users\\expert\\Documents\\Codex\\2026-06-03\\c-users-expert-desktop-novax-pro\\node_modules\\eslint-plugin-react': 'C:\\Users\\expert\\Documents\\Codex\\2026-06-03\\c-users-expert-desktop-novax-pro\\node_modules\\.eslint-plugin-react-5Ea35TxZ',
389 silly reify   'C:\\Users\\expert\\Documents\\Codex\\2026-06-03\\c-users-expert-desktop-novax-pro\\node_modules\\eslint-plugin-jsx-a11y': 'C:\\Users\\expert\\Documents\\Codex\\2026-06-03\\c-users-expert-desktop-novax-pro\\node_modules\\.eslint-plugin-jsx-a11y-mhazjs9y',
389 silly reify   'C:\\Users\\expert\\Documents\\Codex\\2026-06-03\\c-users-expert-desktop-novax-pro\\node_modules\\eslint-plugin-react-hooks': 'C:\\Users\\expert\\Documents\\Codex\\2026-06-03\\c-users-expert-desktop-novax-pro\\node_modules\\.eslint-plugin-react-hooks-ynBeiFPq',
389 silly reify   'C:\\Users\\expert\\Documents\\Codex\\2026-06-03\\c-users-expert-desktop-novax-pro\\node_modules\\eslint-scope': 'C:\\Users\\expert\\Documents\\Codex\\2026-06-03\\c-users-expert-desktop-novax-pro\\node_modules\\.eslint-scope-4Hp6JBWo',
389 silly reify   'C:\\Users\\expert\\Documents\\Codex\\2026-06-03\\c-users-expert-desktop-novax-pro\\node_modules\\eslint-visitor-keys': 'C:\\Users\\expert\\Documents\\Codex\\2026-06-03\\c-users-expert-desktop-novax-pro\\node_modules\\.eslint-visitor-keys-xiflSudE',
389 silly reify   'C:\\Users\\expert\\Documents\\Codex\\2026-06-03\\c-users-expert-desktop-novax-pro\\node_modules\\espree': 'C:\\Users\\expert\\Documents\\Codex\\2026-06-03\\c-users-expert-desktop-novax-pro\\node_modules\\.espree-hRzZaVKi',
389 silly reify   'C:\\Users\\expert\\Documents\\Codex\\2026-06-03\\c-users-expert-desktop-novax-pro\\node_modules\\esquery': 'C:\\Users\\expert\\Documents\\Codex\\2026-06-03\\c-users-expert-desktop-novax-pro\\node_modules\\.esquery-9z7MshQQ',
389 silly reify   'C:\\Users\\expert\\Documents\\Codex\\2026-06-03\\c-users-expert-desktop-novax-pro\\node_modules\\esrecurse': 'C:\\Users\\expert\\Documents\\Codex\\2026-06-03\\c-users-expert-desktop-novax-pro\\node_modules\\.esrecurse-6yOjpJSV',
389 silly reify   'C:\\Users\\expert\\Documents\\Codex\\2026-06-03\\c-users-expert-desktop-novax-pro\\node_modules\\estraverse': 'C:\\Users\\expert\\Documents\\Codex\\2026-06-03\\c-users-expert-desktop-novax-pro\\node_modules\\.estraverse-7EX9DuMX',
389 silly reify   'C:\\Users\\expert\\Documents\\Codex\\2026-06-03\\c-users-expert-desktop-novax-pro\\node_modules\\esutils': 'C:\\Users\\expert\\Documents\\Codex\\2026-06-03\\c-users-expert-desktop-novax-pro\\node_modules\\.esutils-6zeRfGv7',
389 silly reify   'C:\\Users\\expert\\Documents\\Codex\\2026-06-03\\c-users-expert-desktop-novax-pro\\node_modules\\exsolve': 'C:\\Users\\expert\\Documents\\Codex\\2026-06-03\\c-users-expert-desktop-novax-pro\\node_modules\\.exsolve-bRycWwzb',
389 silly reify   'C:\\Users\\expert\\Documents\\Codex\\2026-06-03\\c-users-expert-desktop-novax-pro\\node_modules\\fast-check': 'C:\\Users\\expert\\Documents\\Codex\\2026-06-03\\c-users-expert-desktop-novax-pro\\node_modules\\.fast-check-F3JvzaHt',
389 silly reify   'C:\\Users\\expert\\Documents\\Codex\\2026-06-03\\c-users-expert-desktop-novax-pro\\node_modules\\fast-deep-equal': 'C:\\Users\\expert\\Documents\\Codex\\2026-06-03\\c-users-expert-desktop-novax-pro\\node_modules\\.fast-deep-equal-OajtSTJ5',
389 silly reify   'C:\\Users\\expert\\Documents\\Codex\\2026-06-03\\c-users-expert-desktop-novax-pro\\node_modules\\fast-glob': 'C:\\Users\\expert\\Documents\\Codex\\2026-06-03\\c-users-expert-desktop-novax-pro\\node_modules\\.fast-glob-NPUUPeYb',
389 silly reify   'C:\\Users\\expert\\Documents\\Codex\\2026-06-03\\c-users-expert-desktop-novax-pro\\node_modules\\fast-json-stable-stringify': 'C:\\Users\\expert\\Documents\\Codex\\2026-06-03\\c-users-expert-desktop-novax-pro\\node_modules\\.fast-json-stable-stringify-0LKoFzSt',
389 silly reify   'C:\\Users\\expert\\Documents\\Codex\\2026-06-03\\c-users-expert-desktop-novax-pro\\node_modules\\fast-levenshtein': 'C:\\Users\\expert\\Documents\\Codex\\2026-06-03\\c-users-expert-desktop-novax-pro\\node_modules\\.fast-levenshtein-0Gfielmt',
389 silly reify   'C:\\Users\\expert\\Documents\\Codex\\2026-06-03\\c-users-expert-desktop-novax-pro\\node_modules\\fastq': 'C:\\Users\\expert\\Documents\\Codex\\2026-06-03\\c-users-expert-desktop-novax-pro\\node_modules\\.fastq-rOaPm2Dn',
389 silly reify   'C:\\Users\\expert\\Documents\\Codex\\2026-06-03\\c-users-expert-desktop-novax-pro\\node_modules\\file-entry-cache': 'C:\\Users\\expert\\Documents\\Codex\\2026-06-03\\c-users-expert-desktop-novax-pro\\node_modules\\.file-entry-cache-kNbtcJrk',
389 silly reify   'C:\\Users\\expert\\Documents\\Codex\\2026-06-03\\c-users-expert-desktop-novax-pro\\node_modules\\fill-range': 'C:\\Users\\expert\\Documents\\Codex\\2026-06-03\\c-users-expert-desktop-novax-pro\\node_modules\\.fill-range-5gd3MfrC',
389 silly reify   'C:\\Users\\expert\\Documents\\Codex\\2026-06-03\\c-users-expert-desktop-novax-pro\\node_modules\\flat-cache': 'C:\\Users\\expert\\Documents\\Codex\\2026-06-03\\c-users-expert-desktop-novax-pro\\node_modules\\.flat-cache-qwP0GbNo',
389 silly reify   'C:\\Users\\expert\\Documents\\Codex\\2026-06-03\\c-users-expert-desktop-novax-pro\\node_modules\\find-up': 'C:\\Users\\expert\\Documents\\Codex\\2026-06-03\\c-users-expert-desktop-novax-pro\\node_modules\\.find-up-o2vuwMpR',
389 silly reify   'C:\\Users\\expert\\Documents\\Codex\\2026-06-03\\c-users-expert-desktop-novax-pro\\node_modules\\flatted': 'C:\\Users\\expert\\Documents\\Codex\\2026-06-03\\c-users-expert-desktop-novax-pro\\node_modules\\.flatted-jbm49BLj',
389 silly reify   'C:\\Users\\expert\\Documents\\Codex\\2026-06-03\\c-users-expert-desktop-novax-pro\\node_modules\\for-each': 'C:\\Users\\expert\\Documents\\Codex\\2026-06-03\\c-users-expert-desktop-novax-pro\\node_modules\\.for-each-NPdNWFCi',
389 silly reify   'C:\\Users\\expert\\Documents\\Codex\\2026-06-03\\c-users-expert-desktop-novax-pro\\node_modules\\function-bind': 'C:\\Users\\expert\\Documents\\Codex\\2026-06-03\\c-users-expert-desktop-novax-pro\\node_modules\\.function-bind-jM7CmbMU',
389 silly reify   'C:\\Users\\expert\\Documents\\Codex\\2026-06-03\\c-users-expert-desktop-novax-pro\\node_modules\\functions-have-names': 'C:\\Users\\expert\\Documents\\Codex\\2026-06-03\\c-users-expert-desktop-novax-pro\\node_modules\\.functions-have-names-2hkx9xGv',
389 silly reify   'C:\\Users\\expert\\Documents\\Codex\\2026-06-03\\c-users-expert-desktop-novax-pro\\node_modules\\function.prototype.name': 'C:\\Users\\expert\\Documents\\Codex\\2026-06-03\\c-users-expert-desktop-novax-pro\\node_modules\\.function.prototype.name-dcwUBcUx',
389 silly reify   'C:\\Users\\expert\\Documents\\Codex\\2026-06-03\\c-users-expert-desktop-novax-pro\\node_modules\\generator-function': 'C:\\Users\\expert\\Documents\\Codex\\2026-06-03\\c-users-expert-desktop-novax-pro\\node_modules\\.generator-function-41gRbE8Z',
389 silly reify   'C:\\Users\\expert\\Documents\\Codex\\2026-06-03\\c-users-expert-desktop-novax-pro\\node_modules\\get-intrinsic': 'C:\\Users\\expert\\Documents\\Codex\\2026-06-03\\c-users-expert-desktop-novax-pro\\node_modules\\.get-intrinsic-vbVZWEuf',
389 silly reify   'C:\\Users\\expert\\Documents\\Codex\\2026-06-03\\c-users-expert-desktop-novax-pro\\node_modules\\gensync': 'C:\\Users\\expert\\Documents\\Codex\\2026-06-03\\c-users-expert-desktop-novax-pro\\node_modules\\.gensync-PLVct4SN',
389 silly reify   'C:\\Users\\expert\\Documents\\Codex\\2026-06-03\\c-users-expert-desktop-novax-pro\\node_modules\\get-proto': 'C:\\Users\\expert\\Documents\\Codex\\2026-06-03\\c-users-expert-desktop-novax-pro\\node_modules\\.get-proto-EsdhHNU1',
389 silly reify   'C:\\Users\\expert\\Documents\\Codex\\2026-06-03\\c-users-expert-desktop-novax-pro\\node_modules\\get-symbol-description': 'C:\\Users\\expert\\Documents\\Codex\\2026-06-03\\c-users-expert-desktop-novax-pro\\node_modules\\.get-symbol-description-MY02OGuQ',
389 silly reify   'C:\\Users\\expert\\Documents\\Codex\\2026-06-03\\c-users-expert-desktop-novax-pro\\node_modules\\get-tsconfig': 'C:\\Users\\expert\\Documents\\Codex\\2026-06-03\\c-users-expert-desktop-novax-pro\\node_modules\\.get-tsconfig-PWHoNZFD',
389 silly reify   'C:\\Users\\expert\\Documents\\Codex\\2026-06-03\\c-users-expert-desktop-novax-pro\\node_modules\\giget': 'C:\\Users\\expert\\Documents\\Codex\\2026-06-03\\c-users-expert-desktop-novax-pro\\node_modules\\.giget-bxxvry36',
389 silly reify   'C:\\Users\\expert\\Documents\\Codex\\2026-06-03\\c-users-expert-desktop-novax-pro\\node_modules\\glob-parent': 'C:\\Users\\expert\\Documents\\Codex\\2026-06-03\\c-users-expert-desktop-novax-pro\\node_modules\\.glob-parent-U9gOOkBA',
389 silly reify   'C:\\Users\\expert\\Documents\\Codex\\2026-06-03\\c-users-expert-desktop-novax-pro\\node_modules\\globals': 'C:\\Users\\expert\\Documents\\Codex\\2026-06-03\\c-users-expert-desktop-novax-pro\\node_modules\\.globals-qsjKhTP4',
389 silly reify   'C:\\Users\\expert\\Documents\\Codex\\2026-06-03\\c-users-expert-desktop-novax-pro\\node_modules\\gopd': 'C:\\Users\\expert\\Documents\\Codex\\2026-06-03\\c-users-expert-desktop-novax-pro\\node_modules\\.gopd-Rw1FvAmQ',
389 silly reify   'C:\\Users\\expert\\Documents\\Codex\\2026-06-03\\c-users-expert-desktop-novax-pro\\node_modules\\globalthis': 'C:\\Users\\expert\\Documents\\Codex\\2026-06-03\\c-users-expert-desktop-novax-pro\\node_modules\\.globalthis-leBhv1Hj',
389 silly reify   'C:\\Users\\expert\\Documents\\Codex\\2026-06-03\\c-users-expert-desktop-novax-pro\\node_modules\\graceful-fs': 'C:\\Users\\expert\\Documents\\Codex\\2026-06-03\\c-users-expert-desktop-novax-pro\\node_modules\\.graceful-fs-yYcOqd3y',
389 silly reify   'C:\\Users\\expert\\Documents\\Codex\\2026-06-03\\c-users-expert-desktop-novax-pro\\node_modules\\has-bigints': 'C:\\Users\\expert\\Documents\\Codex\\2026-06-03\\c-users-expert-desktop-novax-pro\\node_modules\\.has-bigints-ZJxBtmiy',
389 silly reify   'C:\\Users\\expert\\Documents\\Codex\\2026-06-03\\c-users-expert-desktop-novax-pro\\node_modules\\has-flag': 'C:\\Users\\expert\\Documents\\Codex\\2026-06-03\\c-users-expert-desktop-novax-pro\\node_modules\\.has-flag-zhIQAYnu',
389 silly reify   'C:\\Users\\expert\\Documents\\Codex\\2026-06-03\\c-users-expert-desktop-novax-pro\\node_modules\\has-property-descriptors': 'C:\\Users\\expert\\Documents\\Codex\\2026-06-03\\c-users-expert-desktop-novax-pro\\node_modules\\.has-property-descriptors-3YQjZnSi',
389 silly reify   'C:\\Users\\expert\\Documents\\Codex\\2026-06-03\\c-users-expert-desktop-novax-pro\\node_modules\\has-proto': 'C:\\Users\\expert\\Documents\\Codex\\2026-06-03\\c-users-expert-desktop-novax-pro\\node_modules\\.has-proto-qIK2xPA4',
389 silly reify   'C:\\Users\\expert\\Documents\\Codex\\2026-06-03\\c-users-expert-desktop-novax-pro\\node_modules\\has-symbols': 'C:\\Users\\expert\\Documents\\Codex\\2026-06-03\\c-users-expert-desktop-novax-pro\\node_modules\\.has-symbols-erBHTyVT',
389 silly reify   'C:\\Users\\expert\\Documents\\Codex\\2026-06-03\\c-users-expert-desktop-novax-pro\\node_modules\\has-tostringtag': 'C:\\Users\\expert\\Documents\\Codex\\2026-06-03\\c-users-expert-desktop-novax-pro\\node_modules\\.has-tostringtag-9xD6kdtM',
389 silly reify   'C:\\Users\\expert\\Documents\\Codex\\2026-06-03\\c-users-expert-desktop-novax-pro\\node_modules\\hasown': 'C:\\Users\\expert\\Documents\\Codex\\2026-06-03\\c-users-expert-desktop-novax-pro\\node_modules\\.hasown-OcFLohqp',
389 silly reify   'C:\\Users\\expert\\Documents\\Codex\\2026-06-03\\c-users-expert-desktop-novax-pro\\node_modules\\hermes-estree': 'C:\\Users\\expert\\Documents\\Codex\\2026-06-03\\c-users-expert-desktop-novax-pro\\node_modules\\.hermes-estree-InPmKtu2',
389 silly reify   'C:\\Users\\expert\\Documents\\Codex\\2026-06-03\\c-users-expert-desktop-novax-pro\\node_modules\\hermes-parser': 'C:\\Users\\expert\\Documents\\Codex\\2026-06-03\\c-users-expert-desktop-novax-pro\\node_modules\\.hermes-parser-0Fd3DGqo',
389 silly reify   'C:\\Users\\expert\\Documents\\Codex\\2026-06-03\\c-users-expert-desktop-novax-pro\\node_modules\\ignore': 'C:\\Users\\expert\\Documents\\Codex\\2026-06-03\\c-users-expert-desktop-novax-pro\\node_modules\\.ignore-m1jfEmfu',
389 silly reify   'C:\\Users\\expert\\Documents\\Codex\\2026-06-03\\c-users-expert-desktop-novax-pro\\node_modules\\import-fresh': 'C:\\Users\\expert\\Documents\\Codex\\2026-06-03\\c-users-expert-desktop-novax-pro\\node_modules\\.import-fresh-AGTAytmc',
389 silly reify   'C:\\Users\\expert\\Documents\\Codex\\2026-06-03\\c-users-expert-desktop-novax-pro\\node_modules\\imurmurhash': 'C:\\Users\\expert\\Documents\\Codex\\2026-06-03\\c-users-expert-desktop-novax-pro\\node_modules\\.imurmurhash-R8elQtit',
389 silly reify   'C:\\Users\\expert\\Documents\\Codex\\2026-06-03\\c-users-expert-desktop-novax-pro\\node_modules\\internal-slot': 'C:\\Users\\expert\\Documents\\Codex\\2026-06-03\\c-users-expert-desktop-novax-pro\\node_modules\\.internal-slot-2XZPbX7k',
389 silly reify   'C:\\Users\\expert\\Documents\\Codex\\2026-06-03\\c-users-expert-desktop-novax-pro\\node_modules\\is-array-buffer': 'C:\\Users\\expert\\Documents\\Codex\\2026-06-03\\c-users-expert-desktop-novax-pro\\node_modules\\.is-array-buffer-XIgRlfzj',
389 silly reify   'C:\\Users\\expert\\Documents\\Codex\\2026-06-03\\c-users-expert-desktop-novax-pro\\node_modules\\is-async-function': 'C:\\Users\\expert\\Documents\\Codex\\2026-06-03\\c-users-expert-desktop-novax-pro\\node_modules\\.is-async-function-Ay6Xmu8V',
389 silly reify   'C:\\Users\\expert\\Documents\\Codex\\2026-06-03\\c-users-expert-desktop-novax-pro\\node_modules\\is-bigint': 'C:\\Users\\expert\\Documents\\Codex\\2026-06-03\\c-users-expert-desktop-novax-pro\\node_modules\\.is-bigint-OS7Ph8GW',
389 silly reify   'C:\\Users\\expert\\Documents\\Codex\\2026-06-03\\c-users-expert-desktop-novax-pro\\node_modules\\is-boolean-object': 'C:\\Users\\expert\\Documents\\Codex\\2026-06-03\\c-users-expert-desktop-novax-pro\\node_modules\\.is-boolean-object-QBQlv2aM',
389 silly reify   'C:\\Users\\expert\\Documents\\Codex\\2026-06-03\\c-users-expert-desktop-novax-pro\\node_modules\\is-bun-module': 'C:\\Users\\expert\\Documents\\Codex\\2026-06-03\\c-users-expert-desktop-novax-pro\\node_modules\\.is-bun-module-GBTXDu94',
389 silly reify   'C:\\Users\\expert\\Documents\\Codex\\2026-06-03\\c-users-expert-desktop-novax-pro\\node_modules\\is-callable': 'C:\\Users\\expert\\Documents\\Codex\\2026-06-03\\c-users-expert-desktop-novax-pro\\node_modules\\.is-callable-S2AxO8Et',
389 silly reify   'C:\\Users\\expert\\Documents\\Codex\\2026-06-03\\c-users-expert-desktop-novax-pro\\node_modules\\is-core-module': 'C:\\Users\\expert\\Documents\\Codex\\2026-06-03\\c-users-expert-desktop-novax-pro\\node_modules\\.is-core-module-qQ5At5UT',
389 silly reify   'C:\\Users\\expert\\Documents\\Codex\\2026-06-03\\c-users-expert-desktop-novax-pro\\node_modules\\is-data-view': 'C:\\Users\\expert\\Documents\\Codex\\2026-06-03\\c-users-expert-desktop-novax-pro\\node_modules\\.is-data-view-tkuUUeGv',
389 silly reify   'C:\\Users\\expert\\Documents\\Codex\\2026-06-03\\c-users-expert-desktop-novax-pro\\node_modules\\is-date-object': 'C:\\Users\\expert\\Documents\\Codex\\2026-06-03\\c-users-expert-desktop-novax-pro\\node_modules\\.is-date-object-AVGstOPv',
389 silly reify   'C:\\Users\\expert\\Documents\\Codex\\2026-06-03\\c-users-expert-desktop-novax-pro\\node_modules\\is-extglob': 'C:\\Users\\expert\\Documents\\Codex\\2026-06-03\\c-users-expert-desktop-novax-pro\\node_modules\\.is-extglob-JiGRFht5',
389 silly reify   'C:\\Users\\expert\\Documents\\Codex\\2026-06-03\\c-users-expert-desktop-novax-pro\\node_modules\\is-finalizationregistry': 'C:\\Users\\expert\\Documents\\Codex\\2026-06-03\\c-users-expert-desktop-novax-pro\\node_modules\\.is-finalizationregistry-TiTFmMzT',
389 silly reify   'C:\\Users\\expert\\Documents\\Codex\\2026-06-03\\c-users-expert-desktop-novax-pro\\node_modules\\is-generator-function': 'C:\\Users\\expert\\Documents\\Codex\\2026-06-03\\c-users-expert-desktop-novax-pro\\node_modules\\.is-generator-function-4aDKK0xD',
389 silly reify   'C:\\Users\\expert\\Documents\\Codex\\2026-06-03\\c-users-expert-desktop-novax-pro\\node_modules\\is-glob': 'C:\\Users\\expert\\Documents\\Codex\\2026-06-03\\c-users-expert-desktop-novax-pro\\node_modules\\.is-glob-zpaNhpz0',
389 silly reify   'C:\\Users\\expert\\Documents\\Codex\\2026-06-03\\c-users-expert-desktop-novax-pro\\node_modules\\is-map': 'C:\\Users\\expert\\Documents\\Codex\\2026-06-03\\c-users-expert-desktop-novax-pro\\node_modules\\.is-map-c66XmcMn',
389 silly reify   'C:\\Users\\expert\\Documents\\Codex\\2026-06-03\\c-users-expert-desktop-novax-pro\\node_modules\\is-negative-zero': 'C:\\Users\\expert\\Documents\\Codex\\2026-06-03\\c-users-expert-desktop-novax-pro\\node_modules\\.is-negative-zero-GZmHQHGQ',
389 silly reify   'C:\\Users\\expert\\Documents\\Codex\\2026-06-03\\c-users-expert-desktop-novax-pro\\node_modules\\is-number': 'C:\\Users\\expert\\Documents\\Codex\\2026-06-03\\c-users-expert-desktop-novax-pro\\node_modules\\.is-number-WdSRkFAD',
389 silly reify   'C:\\Users\\expert\\Documents\\Codex\\2026-06-03\\c-users-expert-desktop-novax-pro\\node_modules\\is-number-object': 'C:\\Users\\expert\\Documents\\Codex\\2026-06-03\\c-users-expert-desktop-novax-pro\\node_modules\\.is-number-object-NLgv68hk',
389 silly reify   'C:\\Users\\expert\\Documents\\Codex\\2026-06-03\\c-users-expert-desktop-novax-pro\\node_modules\\is-regex': 'C:\\Users\\expert\\Documents\\Codex\\2026-06-03\\c-users-expert-desktop-novax-pro\\node_modules\\.is-regex-PDB8iNyX',
389 silly reify   'C:\\Users\\expert\\Documents\\Codex\\2026-06-03\\c-users-expert-desktop-novax-pro\\node_modules\\is-set': 'C:\\Users\\expert\\Documents\\Codex\\2026-06-03\\c-users-expert-desktop-novax-pro\\node_modules\\.is-set-gDFT06h9',
389 silly reify   'C:\\Users\\expert\\Documents\\Codex\\2026-06-03\\c-users-expert-desktop-novax-pro\\node_modules\\is-shared-array-buffer': 'C:\\Users\\expert\\Documents\\Codex\\2026-06-03\\c-users-expert-desktop-novax-pro\\node_modules\\.is-shared-array-buffer-RBXwMlIj',
389 silly reify   'C:\\Users\\expert\\Documents\\Codex\\2026-06-03\\c-users-expert-desktop-novax-pro\\node_modules\\is-string': 'C:\\Users\\expert\\Documents\\Codex\\2026-06-03\\c-users-expert-desktop-novax-pro\\node_modules\\.is-string-zVOxDuOD',
389 silly reify   'C:\\Users\\expert\\Documents\\Codex\\2026-06-03\\c-users-expert-desktop-novax-pro\\node_modules\\is-symbol': 'C:\\Users\\expert\\Documents\\Codex\\2026-06-03\\c-users-expert-desktop-novax-pro\\node_modules\\.is-symbol-H1Oh4y9K',
389 silly reify   'C:\\Users\\expert\\Documents\\Codex\\2026-06-03\\c-users-expert-desktop-novax-pro\\node_modules\\is-typed-array': 'C:\\Users\\expert\\Documents\\Codex\\2026-06-03\\c-users-expert-desktop-novax-pro\\node_modules\\.is-typed-array-EwqJA5jW',
389 silly reify   'C:\\Users\\expert\\Documents\\Codex\\2026-06-03\\c-users-expert-desktop-novax-pro\\node_modules\\is-weakmap': 'C:\\Users\\expert\\Documents\\Codex\\2026-06-03\\c-users-expert-desktop-novax-pro\\node_modules\\.is-weakmap-TE1SMAXy',
389 silly reify   'C:\\Users\\expert\\Documents\\Codex\\2026-06-03\\c-users-expert-desktop-novax-pro\\node_modules\\is-weakref': 'C:\\Users\\expert\\Documents\\Codex\\2026-06-03\\c-users-expert-desktop-novax-pro\\node_modules\\.is-weakref-qL8cS2uT',
389 silly reify   'C:\\Users\\expert\\Documents\\Codex\\2026-06-03\\c-users-expert-desktop-novax-pro\\node_modules\\is-weakset': 'C:\\Users\\expert\\Documents\\Codex\\2026-06-03\\c-users-expert-desktop-novax-pro\\node_modules\\.is-weakset-Rw6xkZry',
389 silly reify   'C:\\Users\\expert\\Documents\\Codex\\2026-06-03\\c-users-expert-desktop-novax-pro\\node_modules\\isexe': 'C:\\Users\\expert\\Documents\\Codex\\2026-06-03\\c-users-expert-desktop-novax-pro\\node_modules\\.isexe-4mtJgn0A',
389 silly reify   'C:\\Users\\expert\\Documents\\Codex\\2026-06-03\\c-users-expert-desktop-novax-pro\\node_modules\\isarray': 'C:\\Users\\expert\\Documents\\Codex\\2026-06-03\\c-users-expert-desktop-novax-pro\\node_modules\\.isarray-1RmgOmoL',
389 silly reify   'C:\\Users\\expert\\Documents\\Codex\\2026-06-03\\c-users-expert-desktop-novax-pro\\node_modules\\iterator.prototype': 'C:\\Users\\expert\\Documents\\Codex\\2026-06-03\\c-users-expert-desktop-novax-pro\\node_modules\\.iterator.prototype-lR9W9Pcl',
389 silly reify   'C:\\Users\\expert\\Documents\\Codex\\2026-06-03\\c-users-expert-desktop-novax-pro\\node_modules\\jiti': 'C:\\Users\\expert\\Documents\\Codex\\2026-06-03\\c-users-expert-desktop-novax-pro\\node_modules\\.jiti-MYXCtvOz',
389 silly reify   'C:\\Users\\expert\\Documents\\Codex\\2026-06-03\\c-users-expert-desktop-novax-pro\\node_modules\\jsesc': 'C:\\Users\\expert\\Documents\\Codex\\2026-06-03\\c-users-expert-desktop-novax-pro\\node_modules\\.jsesc-EJ0W54Qs',
389 silly reify   'C:\\Users\\expert\\Documents\\Codex\\2026-06-03\\c-users-expert-desktop-novax-pro\\node_modules\\js-tokens': 'C:\\Users\\expert\\Documents\\Codex\\2026-06-03\\c-users-expert-desktop-novax-pro\\node_modules\\.js-tokens-34f7Xqg2',
389 silly reify   'C:\\Users\\expert\\Documents\\Codex\\2026-06-03\\c-users-expert-desktop-novax-pro\\node_modules\\js-yaml': 'C:\\Users\\expert\\Documents\\Codex\\2026-06-03\\c-users-expert-desktop-novax-pro\\node_modules\\.js-yaml-AV05cvTV',
389 silly reify   'C:\\Users\\expert\\Documents\\Codex\\2026-06-03\\c-users-expert-desktop-novax-pro\\node_modules\\json-buffer': 'C:\\Users\\expert\\Documents\\Codex\\2026-06-03\\c-users-expert-desktop-novax-pro\\node_modules\\.json-buffer-XwQoD43A',
389 silly reify   'C:\\Users\\expert\\Documents\\Codex\\2026-06-03\\c-users-expert-desktop-novax-pro\\node_modules\\json-schema-traverse': 'C:\\Users\\expert\\Documents\\Codex\\2026-06-03\\c-users-expert-desktop-novax-pro\\node_modules\\.json-schema-traverse-vHRuKO0t',
389 silly reify   'C:\\Users\\expert\\Documents\\Codex\\2026-06-03\\c-users-expert-desktop-novax-pro\\node_modules\\json-stable-stringify-without-jsonify': 'C:\\Users\\expert\\Documents\\Codex\\2026-06-03\\c-users-expert-desktop-novax-pro\\node_modules\\.json-stable-stringify-without-jsonify-NAozxIsI',
389 silly reify   'C:\\Users\\expert\\Documents\\Codex\\2026-06-03\\c-users-expert-desktop-novax-pro\\node_modules\\json5': 'C:\\Users\\expert\\Documents\\Codex\\2026-06-03\\c-users-expert-desktop-novax-pro\\node_modules\\.json5-MfcG4QBQ',
389 silly reify   'C:\\Users\\expert\\Documents\\Codex\\2026-06-03\\c-users-expert-desktop-novax-pro\\node_modules\\jsx-ast-utils': 'C:\\Users\\expert\\Documents\\Codex\\2026-06-03\\c-users-expert-desktop-novax-pro\\node_modules\\.jsx-ast-utils-RUP6cCnm',
389 silly reify   'C:\\Users\\expert\\Documents\\Codex\\2026-06-03\\c-users-expert-desktop-novax-pro\\node_modules\\keyv': 'C:\\Users\\expert\\Documents\\Codex\\2026-06-03\\c-users-expert-desktop-novax-pro\\node_modules\\.keyv-UsoafpaU',
389 silly reify   'C:\\Users\\expert\\Documents\\Codex\\2026-06-03\\c-users-expert-desktop-novax-pro\\node_modules\\language-subtag-registry': 'C:\\Users\\expert\\Documents\\Codex\\2026-06-03\\c-users-expert-desktop-novax-pro\\node_modules\\.language-subtag-registry-Qjc9px5Y',
389 silly reify   'C:\\Users\\expert\\Documents\\Codex\\2026-06-03\\c-users-expert-desktop-novax-pro\\node_modules\\levn': 'C:\\Users\\expert\\Documents\\Codex\\2026-06-03\\c-users-expert-desktop-novax-pro\\node_modules\\.levn-s9azVv6F',
389 silly reify   'C:\\Users\\expert\\Documents\\Codex\\2026-06-03\\c-users-expert-desktop-novax-pro\\node_modules\\lightningcss-win32-x64-msvc': 'C:\\Users\\expert\\Documents\\Codex\\2026-06-03\\c-users-expert-desktop-novax-pro\\node_modules\\.lightningcss-win32-x64-msvc-nHzX9T1K',
389 silly reify   'C:\\Users\\expert\\Documents\\Codex\\2026-06-03\\c-users-expert-desktop-novax-pro\\node_modules\\lightningcss': 'C:\\Users\\expert\\Documents\\Codex\\2026-06-03\\c-users-expert-desktop-novax-pro\\node_modules\\.lightningcss-Io1kfE8T',
389 silly reify   'C:\\Users\\expert\\Documents\\Codex\\2026-06-03\\c-users-expert-desktop-novax-pro\\node_modules\\locate-path': 'C:\\Users\\expert\\Documents\\Codex\\2026-06-03\\c-users-expert-desktop-novax-pro\\node_modules\\.locate-path-ftsaZFOc',
389 silly reify   'C:\\Users\\expert\\Documents\\Codex\\2026-06-03\\c-users-expert-desktop-novax-pro\\node_modules\\language-tags': 'C:\\Users\\expert\\Documents\\Codex\\2026-06-03\\c-users-expert-desktop-novax-pro\\node_modules\\.language-tags-TGOWfiRl',
389 silly reify   'C:\\Users\\expert\\Documents\\Codex\\2026-06-03\\c-users-expert-desktop-novax-pro\\node_modules\\lodash.merge': 'C:\\Users\\expert\\Documents\\Codex\\2026-06-03\\c-users-expert-desktop-novax-pro\\node_modules\\.lodash.merge-GSWeGc2T',
389 silly reify   'C:\\Users\\expert\\Documents\\Codex\\2026-06-03\\c-users-expert-desktop-novax-pro\\node_modules\\loose-envify': 'C:\\Users\\expert\\Documents\\Codex\\2026-06-03\\c-users-expert-desktop-novax-pro\\node_modules\\.loose-envify-uMW6qzoH',
389 silly reify   'C:\\Users\\expert\\Documents\\Codex\\2026-06-03\\c-users-expert-desktop-novax-pro\\node_modules\\lru-cache': 'C:\\Users\\expert\\Documents\\Codex\\2026-06-03\\c-users-expert-desktop-novax-pro\\node_modules\\.lru-cache-7kS6v0fj',
389 silly reify   'C:\\Users\\expert\\Documents\\Codex\\2026-06-03\\c-users-expert-desktop-novax-pro\\node_modules\\magic-string': 'C:\\Users\\expert\\Documents\\Codex\\2026-06-03\\c-users-expert-desktop-novax-pro\\node_modules\\.magic-string-a7pDFgkj',
389 silly reify   'C:\\Users\\expert\\Documents\\Codex\\2026-06-03\\c-users-expert-desktop-novax-pro\\node_modules\\math-intrinsics': 'C:\\Users\\expert\\Documents\\Codex\\2026-06-03\\c-users-expert-desktop-novax-pro\\node_modules\\.math-intrinsics-rF6IhMoq',
389 silly reify   'C:\\Users\\expert\\Documents\\Codex\\2026-06-03\\c-users-expert-desktop-novax-pro\\node_modules\\merge2': 'C:\\Users\\expert\\Documents\\Codex\\2026-06-03\\c-users-expert-desktop-novax-pro\\node_modules\\.merge2-h4owbBz6',
389 silly reify   'C:\\Users\\expert\\Documents\\Codex\\2026-06-03\\c-users-expert-desktop-novax-pro\\node_modules\\micromatch': 'C:\\Users\\expert\\Documents\\Codex\\2026-06-03\\c-users-expert-desktop-novax-pro\\node_modules\\.micromatch-9jsfEPDe',
389 silly reify   'C:\\Users\\expert\\Documents\\Codex\\2026-06-03\\c-users-expert-desktop-novax-pro\\node_modules\\minimatch': 'C:\\Users\\expert\\Documents\\Codex\\2026-06-03\\c-users-expert-desktop-novax-pro\\node_modules\\.minimatch-CYJA9VHx',
389 silly reify   'C:\\Users\\expert\\Documents\\Codex\\2026-06-03\\c-users-expert-desktop-novax-pro\\node_modules\\minimist': 'C:\\Users\\expert\\Documents\\Codex\\2026-06-03\\c-users-expert-desktop-novax-pro\\node_modules\\.minimist-et0yzYop',
389 silly reify   'C:\\Users\\expert\\Documents\\Codex\\2026-06-03\\c-users-expert-desktop-novax-pro\\node_modules\\ms': 'C:\\Users\\expert\\Documents\\Codex\\2026-06-03\\c-users-expert-desktop-novax-pro\\node_modules\\.ms-dsYIGEn2',
389 silly reify   'C:\\Users\\expert\\Documents\\Codex\\2026-06-03\\c-users-expert-desktop-novax-pro\\node_modules\\nanoid': 'C:\\Users\\expert\\Documents\\Codex\\2026-06-03\\c-users-expert-desktop-novax-pro\\node_modules\\.nanoid-L9ZtPiIx',
389 silly reify   'C:\\Users\\expert\\Documents\\Codex\\2026-06-03\\c-users-expert-desktop-novax-pro\\node_modules\\napi-postinstall': 'C:\\Users\\expert\\Documents\\Codex\\2026-06-03\\c-users-expert-desktop-novax-pro\\node_modules\\.napi-postinstall-g3exhYOp',
389 silly reify   'C:\\Users\\expert\\Documents\\Codex\\2026-06-03\\c-users-expert-desktop-novax-pro\\node_modules\\natural-compare': 'C:\\Users\\expert\\Documents\\Codex\\2026-06-03\\c-users-expert-desktop-novax-pro\\node_modules\\.natural-compare-Vf22xuUQ',
389 silly reify   'C:\\Users\\expert\\Documents\\Codex\\2026-06-03\\c-users-expert-desktop-novax-pro\\node_modules\\node-exports-info': 'C:\\Users\\expert\\Documents\\Codex\\2026-06-03\\c-users-expert-desktop-novax-pro\\node_modules\\.node-exports-info-Q9zfkYpL',
389 silly reify   'C:\\Users\\expert\\Documents\\Codex\\2026-06-03\\c-users-expert-desktop-novax-pro\\node_modules\\node-fetch-native': 'C:\\Users\\expert\\Documents\\Codex\\2026-06-03\\c-users-expert-desktop-novax-pro\\node_modules\\.node-fetch-native-ji20O99s',
389 silly reify   'C:\\Users\\expert\\Documents\\Codex\\2026-06-03\\c-users-expert-desktop-novax-pro\\node_modules\\node-releases': 'C:\\Users\\expert\\Documents\\Codex\\2026-06-03\\c-users-expert-desktop-novax-pro\\node_modules\\.node-releases-uRV4gqAY',
389 silly reify   'C:\\Users\\expert\\Documents\\Codex\\2026-06-03\\c-users-expert-desktop-novax-pro\\node_modules\\next': 'C:\\Users\\expert\\Documents\\Codex\\2026-06-03\\c-users-expert-desktop-novax-pro\\node_modules\\.next-OgVCDZsM',
389 silly reify   'C:\\Users\\expert\\Documents\\Codex\\2026-06-03\\c-users-expert-desktop-novax-pro\\node_modules\\nypm': 'C:\\Users\\expert\\Documents\\Codex\\2026-06-03\\c-users-expert-desktop-novax-pro\\node_modules\\.nypm-Bxo6Vmke',
389 silly reify   'C:\\Users\\expert\\Documents\\Codex\\2026-06-03\\c-users-expert-desktop-novax-pro\\node_modules\\object-assign': 'C:\\Users\\expert\\Documents\\Codex\\2026-06-03\\c-users-expert-desktop-novax-pro\\node_modules\\.object-assign-vgkbpStl',
389 silly reify   'C:\\Users\\expert\\Documents\\Codex\\2026-06-03\\c-users-expert-desktop-novax-pro\\node_modules\\object-inspect': 'C:\\Users\\expert\\Documents\\Codex\\2026-06-03\\c-users-expert-desktop-novax-pro\\node_modules\\.object-inspect-gG6ztBQm',
389 silly reify   'C:\\Users\\expert\\Documents\\Codex\\2026-06-03\\c-users-expert-desktop-novax-pro\\node_modules\\object-keys': 'C:\\Users\\expert\\Documents\\Codex\\2026-06-03\\c-users-expert-desktop-novax-pro\\node_modules\\.object-keys-Mz4YcRzA',
389 silly reify   'C:\\Users\\expert\\Documents\\Codex\\2026-06-03\\c-users-expert-desktop-novax-pro\\node_modules\\object.entries': 'C:\\Users\\expert\\Documents\\Codex\\2026-06-03\\c-users-expert-desktop-novax-pro\\node_modules\\.object.entries-BESkpXtK',
389 silly reify   'C:\\Users\\expert\\Documents\\Codex\\2026-06-03\\c-users-expert-desktop-novax-pro\\node_modules\\object.fromentries': 'C:\\Users\\expert\\Documents\\Codex\\2026-06-03\\c-users-expert-desktop-novax-pro\\node_modules\\.object.fromentries-47c04VgA',
389 silly reify   'C:\\Users\\expert\\Documents\\Codex\\2026-06-03\\c-users-expert-desktop-novax-pro\\node_modules\\object.assign': 'C:\\Users\\expert\\Documents\\Codex\\2026-06-03\\c-users-expert-desktop-novax-pro\\node_modules\\.object.assign-q3c8XfUf',
389 silly reify   'C:\\Users\\expert\\Documents\\Codex\\2026-06-03\\c-users-expert-desktop-novax-pro\\node_modules\\object.groupby': 'C:\\Users\\expert\\Documents\\Codex\\2026-06-03\\c-users-expert-desktop-novax-pro\\node_modules\\.object.groupby-yTw5WF4s',
389 silly reify   'C:\\Users\\expert\\Documents\\Codex\\2026-06-03\\c-users-expert-desktop-novax-pro\\node_modules\\ohash': 'C:\\Users\\expert\\Documents\\Codex\\2026-06-03\\c-users-expert-desktop-novax-pro\\node_modules\\.ohash-7j5LrRpq',
389 silly reify   'C:\\Users\\expert\\Documents\\Codex\\2026-06-03\\c-users-expert-desktop-novax-pro\\node_modules\\optionator': 'C:\\Users\\expert\\Documents\\Codex\\2026-06-03\\c-users-expert-desktop-novax-pro\\node_modules\\.optionator-aC5Q5RHp',
389 silly reify   'C:\\Users\\expert\\Documents\\Codex\\2026-06-03\\c-users-expert-desktop-novax-pro\\node_modules\\object.values': 'C:\\Users\\expert\\Documents\\Codex\\2026-06-03\\c-users-expert-desktop-novax-pro\\node_modules\\.object.values-bHTFcwtY',
389 silly reify   'C:\\Users\\expert\\Documents\\Codex\\2026-06-03\\c-users-expert-desktop-novax-pro\\node_modules\\own-keys': 'C:\\Users\\expert\\Documents\\Codex\\2026-06-03\\c-users-expert-desktop-novax-pro\\node_modules\\.own-keys-Si3cSEye',
389 silly reify   'C:\\Users\\expert\\Documents\\Codex\\2026-06-03\\c-users-expert-desktop-novax-pro\\node_modules\\p-locate': 'C:\\Users\\expert\\Documents\\Codex\\2026-06-03\\c-users-expert-desktop-novax-pro\\node_modules\\.p-locate-rASlBvcO',
389 silly reify   'C:\\Users\\expert\\Documents\\Codex\\2026-06-03\\c-users-expert-desktop-novax-pro\\node_modules\\parent-module': 'C:\\Users\\expert\\Documents\\Codex\\2026-06-03\\c-users-expert-desktop-novax-pro\\node_modules\\.parent-module-R4GPTtPh',
389 silly reify   'C:\\Users\\expert\\Documents\\Codex\\2026-06-03\\c-users-expert-desktop-novax-pro\\node_modules\\p-limit': 'C:\\Users\\expert\\Documents\\Codex\\2026-06-03\\c-users-expert-desktop-novax-pro\\node_modules\\.p-limit-mKY5YXkm',
389 silly reify   'C:\\Users\\expert\\Documents\\Codex\\2026-06-03\\c-users-expert-desktop-novax-pro\\node_modules\\path-exists': 'C:\\Users\\expert\\Documents\\Codex\\2026-06-03\\c-users-expert-desktop-novax-pro\\node_modules\\.path-exists-MHtwcSaF',
389 silly reify   'C:\\Users\\expert\\Documents\\Codex\\2026-06-03\\c-users-expert-desktop-novax-pro\\node_modules\\path-key': 'C:\\Users\\expert\\Documents\\Codex\\2026-06-03\\c-users-expert-desktop-novax-pro\\node_modules\\.path-key-P1OibxWg',
389 silly reify   'C:\\Users\\expert\\Documents\\Codex\\2026-06-03\\c-users-expert-desktop-novax-pro\\node_modules\\path-parse': 'C:\\Users\\expert\\Documents\\Codex\\2026-06-03\\c-users-expert-desktop-novax-pro\\node_modules\\.path-parse-hjxfBoLI',
389 silly reify   'C:\\Users\\expert\\Documents\\Codex\\2026-06-03\\c-users-expert-desktop-novax-pro\\node_modules\\pathe': 'C:\\Users\\expert\\Documents\\Codex\\2026-06-03\\c-users-expert-desktop-novax-pro\\node_modules\\.pathe-oyeps9vp',
389 silly reify   'C:\\Users\\expert\\Documents\\Codex\\2026-06-03\\c-users-expert-desktop-novax-pro\\node_modules\\perfect-debounce': 'C:\\Users\\expert\\Documents\\Codex\\2026-06-03\\c-users-expert-desktop-novax-pro\\node_modules\\.perfect-debounce-xmiQeDtp',
389 silly reify   'C:\\Users\\expert\\Documents\\Codex\\2026-06-03\\c-users-expert-desktop-novax-pro\\node_modules\\picomatch': 'C:\\Users\\expert\\Documents\\Codex\\2026-06-03\\c-users-expert-desktop-novax-pro\\node_modules\\.picomatch-GFw1CDwj',
389 silly reify   'C:\\Users\\expert\\Documents\\Codex\\2026-06-03\\c-users-expert-desktop-novax-pro\\node_modules\\picocolors': 'C:\\Users\\expert\\Documents\\Codex\\2026-06-03\\c-users-expert-desktop-novax-pro\\node_modules\\.picocolors-3bTl0GAR',
389 silly reify   'C:\\Users\\expert\\Documents\\Codex\\2026-06-03\\c-users-expert-desktop-novax-pro\\node_modules\\pkg-types': 'C:\\Users\\expert\\Documents\\Codex\\2026-06-03\\c-users-expert-desktop-novax-pro\\node_modules\\.pkg-types-z8OYLHHW',
389 silly reify   'C:\\Users\\expert\\Documents\\Codex\\2026-06-03\\c-users-expert-desktop-novax-pro\\node_modules\\possible-typed-array-names': 'C:\\Users\\expert\\Documents\\Codex\\2026-06-03\\c-users-expert-desktop-novax-pro\\node_modules\\.possible-typed-array-names-E4aZEvyi',
389 silly reify   'C:\\Users\\expert\\Documents\\Codex\\2026-06-03\\c-users-expert-desktop-novax-pro\\node_modules\\prelude-ls': 'C:\\Users\\expert\\Documents\\Codex\\2026-06-03\\c-users-expert-desktop-novax-pro\\node_modules\\.prelude-ls-SsX7Iqyl',
389 silly reify   'C:\\Users\\expert\\Documents\\Codex\\2026-06-03\\c-users-expert-desktop-novax-pro\\node_modules\\postcss': 'C:\\Users\\expert\\Documents\\Codex\\2026-06-03\\c-users-expert-desktop-novax-pro\\node_modules\\.postcss-jd11VBr9',
389 silly reify   'C:\\Users\\expert\\Documents\\Codex\\2026-06-03\\c-users-expert-desktop-novax-pro\\node_modules\\prisma': 'C:\\Users\\expert\\Documents\\Codex\\2026-06-03\\c-users-expert-desktop-novax-pro\\node_modules\\.prisma-CKpvuQpt',
389 silly reify   'C:\\Users\\expert\\Documents\\Codex\\2026-06-03\\c-users-expert-desktop-novax-pro\\node_modules\\prop-types': 'C:\\Users\\expert\\Documents\\Codex\\2026-06-03\\c-users-expert-desktop-novax-pro\\node_modules\\.prop-types-rLUJASN8',
389 silly reify   'C:\\Users\\expert\\Documents\\Codex\\2026-06-03\\c-users-expert-desktop-novax-pro\\node_modules\\punycode': 'C:\\Users\\expert\\Documents\\Codex\\2026-06-03\\c-users-expert-desktop-novax-pro\\node_modules\\.punycode-EBfUnh1J',
389 silly reify   'C:\\Users\\expert\\Documents\\Codex\\2026-06-03\\c-users-expert-desktop-novax-pro\\node_modules\\pure-rand': 'C:\\Users\\expert\\Documents\\Codex\\2026-06-03\\c-users-expert-desktop-novax-pro\\node_modules\\.pure-rand-5LWGtnZn',
389 silly reify   'C:\\Users\\expert\\Documents\\Codex\\2026-06-03\\c-users-expert-desktop-novax-pro\\node_modules\\queue-microtask': 'C:\\Users\\expert\\Documents\\Codex\\2026-06-03\\c-users-expert-desktop-novax-pro\\node_modules\\.queue-microtask-pB0vlGBM',
389 silly reify   'C:\\Users\\expert\\Documents\\Codex\\2026-06-03\\c-users-expert-desktop-novax-pro\\node_modules\\rc9': 'C:\\Users\\expert\\Documents\\Codex\\2026-06-03\\c-users-expert-desktop-novax-pro\\node_modules\\.rc9-Hr0NCuve',
389 silly reify   'C:\\Users\\expert\\Documents\\Codex\\2026-06-03\\c-users-expert-desktop-novax-pro\\node_modules\\react': 'C:\\Users\\expert\\Documents\\Codex\\2026-06-03\\c-users-expert-desktop-novax-pro\\node_modules\\.react-WgszIH0N',
389 silly reify   'C:\\Users\\expert\\Documents\\Codex\\2026-06-03\\c-users-expert-desktop-novax-pro\\node_modules\\react-dom': 'C:\\Users\\expert\\Documents\\Codex\\2026-06-03\\c-users-expert-desktop-novax-pro\\node_modules\\.react-dom-aRne2sPG',
389 silly reify   'C:\\Users\\expert\\Documents\\Codex\\2026-06-03\\c-users-expert-desktop-novax-pro\\node_modules\\react-is': 'C:\\Users\\expert\\Documents\\Codex\\2026-06-03\\c-users-expert-desktop-novax-pro\\node_modules\\.react-is-cfLan1ta',
389 silly reify   'C:\\Users\\expert\\Documents\\Codex\\2026-06-03\\c-users-expert-desktop-novax-pro\\node_modules\\readdirp': 'C:\\Users\\expert\\Documents\\Codex\\2026-06-03\\c-users-expert-desktop-novax-pro\\node_modules\\.readdirp-9yD3cXDS',
389 silly reify   'C:\\Users\\expert\\Documents\\Codex\\2026-06-03\\c-users-expert-desktop-novax-pro\\node_modules\\reflect.getprototypeof': 'C:\\Users\\expert\\Documents\\Codex\\2026-06-03\\c-users-expert-desktop-novax-pro\\node_modules\\.reflect.getprototypeof-6LpmYKNJ',
389 silly reify   'C:\\Users\\expert\\Documents\\Codex\\2026-06-03\\c-users-expert-desktop-novax-pro\\node_modules\\regexp.prototype.flags': 'C:\\Users\\expert\\Documents\\Codex\\2026-06-03\\c-users-expert-desktop-novax-pro\\node_modules\\.regexp.prototype.flags-SbSbcFcu',
389 silly reify   'C:\\Users\\expert\\Documents\\Codex\\2026-06-03\\c-users-expert-desktop-novax-pro\\node_modules\\resolve': 'C:\\Users\\expert\\Documents\\Codex\\2026-06-03\\c-users-expert-desktop-novax-pro\\node_modules\\.resolve-jnOtUI4O',
389 silly reify   'C:\\Users\\expert\\Documents\\Codex\\2026-06-03\\c-users-expert-desktop-novax-pro\\node_modules\\resolve-from': 'C:\\Users\\expert\\Documents\\Codex\\2026-06-03\\c-users-expert-desktop-novax-pro\\node_modules\\.resolve-from-DQLyCpgJ',
389 silly reify   'C:\\Users\\expert\\Documents\\Codex\\2026-06-03\\c-users-expert-desktop-novax-pro\\node_modules\\resolve-pkg-maps': 'C:\\Users\\expert\\Documents\\Codex\\2026-06-03\\c-users-expert-desktop-novax-pro\\node_modules\\.resolve-pkg-maps-PRObskhI',
389 silly reify   'C:\\Users\\expert\\Documents\\Codex\\2026-06-03\\c-users-expert-desktop-novax-pro\\node_modules\\reusify': 'C:\\Users\\expert\\Documents\\Codex\\2026-06-03\\c-users-expert-desktop-novax-pro\\node_modules\\.reusify-lycQpez2',
389 silly reify   'C:\\Users\\expert\\Documents\\Codex\\2026-06-03\\c-users-expert-desktop-novax-pro\\node_modules\\run-parallel': 'C:\\Users\\expert\\Documents\\Codex\\2026-06-03\\c-users-expert-desktop-novax-pro\\node_modules\\.run-parallel-BPpeqkOO',
389 silly reify   'C:\\Users\\expert\\Documents\\Codex\\2026-06-03\\c-users-expert-desktop-novax-pro\\node_modules\\safe-array-concat': 'C:\\Users\\expert\\Documents\\Codex\\2026-06-03\\c-users-expert-desktop-novax-pro\\node_modules\\.safe-array-concat-B5LwcrY3',
389 silly reify   'C:\\Users\\expert\\Documents\\Codex\\2026-06-03\\c-users-expert-desktop-novax-pro\\node_modules\\safe-regex-test': 'C:\\Users\\expert\\Documents\\Codex\\2026-06-03\\c-users-expert-desktop-novax-pro\\node_modules\\.safe-regex-test-pjO9ej7D',
389 silly reify   'C:\\Users\\expert\\Documents\\Codex\\2026-06-03\\c-users-expert-desktop-novax-pro\\node_modules\\safe-push-apply': 'C:\\Users\\expert\\Documents\\Codex\\2026-06-03\\c-users-expert-desktop-novax-pro\\node_modules\\.safe-push-apply-x3lArHgh',
389 silly reify   'C:\\Users\\expert\\Documents\\Codex\\2026-06-03\\c-users-expert-desktop-novax-pro\\node_modules\\semver': 'C:\\Users\\expert\\Documents\\Codex\\2026-06-03\\c-users-expert-desktop-novax-pro\\node_modules\\.semver-rlROhTNf',
389 silly reify   'C:\\Users\\expert\\Documents\\Codex\\2026-06-03\\c-users-expert-desktop-novax-pro\\node_modules\\set-function-length': 'C:\\Users\\expert\\Documents\\Codex\\2026-06-03\\c-users-expert-desktop-novax-pro\\node_modules\\.set-function-length-ZELpo5t8',
389 silly reify   'C:\\Users\\expert\\Documents\\Codex\\2026-06-03\\c-users-expert-desktop-novax-pro\\node_modules\\scheduler': 'C:\\Users\\expert\\Documents\\Codex\\2026-06-03\\c-users-expert-desktop-novax-pro\\node_modules\\.scheduler-w99DT8yn',
389 silly reify   'C:\\Users\\expert\\Documents\\Codex\\2026-06-03\\c-users-expert-desktop-novax-pro\\node_modules\\set-function-name': 'C:\\Users\\expert\\Documents\\Codex\\2026-06-03\\c-users-expert-desktop-novax-pro\\node_modules\\.set-function-name-tifIX55o',
389 silly reify   'C:\\Users\\expert\\Documents\\Codex\\2026-06-03\\c-users-expert-desktop-novax-pro\\node_modules\\sharp': 'C:\\Users\\expert\\Documents\\Codex\\2026-06-03\\c-users-expert-desktop-novax-pro\\node_modules\\.sharp-F7pJ4YGg',
389 silly reify   'C:\\Users\\expert\\Documents\\Codex\\2026-06-03\\c-users-expert-desktop-novax-pro\\node_modules\\set-proto': 'C:\\Users\\expert\\Documents\\Codex\\2026-06-03\\c-users-expert-desktop-novax-pro\\node_modules\\.set-proto-oeVqImEf',
389 silly reify   'C:\\Users\\expert\\Documents\\Codex\\2026-06-03\\c-users-expert-desktop-novax-pro\\node_modules\\shebang-command': 'C:\\Users\\expert\\Documents\\Codex\\2026-06-03\\c-users-expert-desktop-novax-pro\\node_modules\\.shebang-command-zCXkLFdq',
389 silly reify   'C:\\Users\\expert\\Documents\\Codex\\2026-06-03\\c-users-expert-desktop-novax-pro\\node_modules\\shebang-regex': 'C:\\Users\\expert\\Documents\\Codex\\2026-06-03\\c-users-expert-desktop-novax-pro\\node_modules\\.shebang-regex-JvbaJRFo',
389 silly reify   'C:\\Users\\expert\\Documents\\Codex\\2026-06-03\\c-users-expert-desktop-novax-pro\\node_modules\\side-channel': 'C:\\Users\\expert\\Documents\\Codex\\2026-06-03\\c-users-expert-desktop-novax-pro\\node_modules\\.side-channel-E2llAi3P',
389 silly reify   'C:\\Users\\expert\\Documents\\Codex\\2026-06-03\\c-users-expert-desktop-novax-pro\\node_modules\\side-channel-map': 'C:\\Users\\expert\\Documents\\Codex\\2026-06-03\\c-users-expert-desktop-novax-pro\\node_modules\\.side-channel-map-3F6UN6xi',
389 silly reify   'C:\\Users\\expert\\Documents\\Codex\\2026-06-03\\c-users-expert-desktop-novax-pro\\node_modules\\side-channel-list': 'C:\\Users\\expert\\Documents\\Codex\\2026-06-03\\c-users-expert-desktop-novax-pro\\node_modules\\.side-channel-list-4WksBnC6',
389 silly reify   'C:\\Users\\expert\\Documents\\Codex\\2026-06-03\\c-users-expert-desktop-novax-pro\\node_modules\\side-channel-weakmap': 'C:\\Users\\expert\\Documents\\Codex\\2026-06-03\\c-users-expert-desktop-novax-pro\\node_modules\\.side-channel-weakmap-NUnjyf78',
389 silly reify   'C:\\Users\\expert\\Documents\\Codex\\2026-06-03\\c-users-expert-desktop-novax-pro\\node_modules\\stable-hash': 'C:\\Users\\expert\\Documents\\Codex\\2026-06-03\\c-users-expert-desktop-novax-pro\\node_modules\\.stable-hash-rns5OOTw',
389 silly reify   'C:\\Users\\expert\\Documents\\Codex\\2026-06-03\\c-users-expert-desktop-novax-pro\\node_modules\\stop-iteration-iterator': 'C:\\Users\\expert\\Documents\\Codex\\2026-06-03\\c-users-expert-desktop-novax-pro\\node_modules\\.stop-iteration-iterator-OiV6DtlX',
389 silly reify   'C:\\Users\\expert\\Documents\\Codex\\2026-06-03\\c-users-expert-desktop-novax-pro\\node_modules\\source-map-js': 'C:\\Users\\expert\\Documents\\Codex\\2026-06-03\\c-users-expert-desktop-novax-pro\\node_modules\\.source-map-js-mz2E2YUP',
389 silly reify   'C:\\Users\\expert\\Documents\\Codex\\2026-06-03\\c-users-expert-desktop-novax-pro\\node_modules\\string.prototype.includes': 'C:\\Users\\expert\\Documents\\Codex\\2026-06-03\\c-users-expert-desktop-novax-pro\\node_modules\\.string.prototype.includes-f1m9ky4e',
389 silly reify   'C:\\Users\\expert\\Documents\\Codex\\2026-06-03\\c-users-expert-desktop-novax-pro\\node_modules\\string.prototype.matchall': 'C:\\Users\\expert\\Documents\\Codex\\2026-06-03\\c-users-expert-desktop-novax-pro\\node_modules\\.string.prototype.matchall-G1XA57Kw',
389 silly reify   'C:\\Users\\expert\\Documents\\Codex\\2026-06-03\\c-users-expert-desktop-novax-pro\\node_modules\\string.prototype.repeat': 'C:\\Users\\expert\\Documents\\Codex\\2026-06-03\\c-users-expert-desktop-novax-pro\\node_modules\\.string.prototype.repeat-xUL9LQtJ',
389 silly reify   'C:\\Users\\expert\\Documents\\Codex\\2026-06-03\\c-users-expert-desktop-novax-pro\\node_modules\\string.prototype.trim': 'C:\\Users\\expert\\Documents\\Codex\\2026-06-03\\c-users-expert-desktop-novax-pro\\node_modules\\.string.prototype.trim-eM1k3ZXh',
389 silly reify   'C:\\Users\\expert\\Documents\\Codex\\2026-06-03\\c-users-expert-desktop-novax-pro\\node_modules\\string.prototype.trimend': 'C:\\Users\\expert\\Documents\\Codex\\2026-06-03\\c-users-expert-desktop-novax-pro\\node_modules\\.string.prototype.trimend-aq1CMhlf',
389 silly reify   'C:\\Users\\expert\\Documents\\Codex\\2026-06-03\\c-users-expert-desktop-novax-pro\\node_modules\\string.prototype.trimstart': 'C:\\Users\\expert\\Documents\\Codex\\2026-06-03\\c-users-expert-desktop-novax-pro\\node_modules\\.string.prototype.trimstart-VQnEWqJm',
389 silly reify   'C:\\Users\\expert\\Documents\\Codex\\2026-06-03\\c-users-expert-desktop-novax-pro\\node_modules\\strip-bom': 'C:\\Users\\expert\\Documents\\Codex\\2026-06-03\\c-users-expert-desktop-novax-pro\\node_modules\\.strip-bom-d13fX5qK',
389 silly reify   'C:\\Users\\expert\\Documents\\Codex\\2026-06-03\\c-users-expert-desktop-novax-pro\\node_modules\\strip-json-comments': 'C:\\Users\\expert\\Documents\\Codex\\2026-06-03\\c-users-expert-desktop-novax-pro\\node_modules\\.strip-json-comments-qbsjqfPb',
389 silly reify   'C:\\Users\\expert\\Documents\\Codex\\2026-06-03\\c-users-expert-desktop-novax-pro\\node_modules\\styled-jsx': 'C:\\Users\\expert\\Documents\\Codex\\2026-06-03\\c-users-expert-desktop-novax-pro\\node_modules\\.styled-jsx-DcbJj09K',
389 silly reify   'C:\\Users\\expert\\Documents\\Codex\\2026-06-03\\c-users-expert-desktop-novax-pro\\node_modules\\supports-color': 'C:\\Users\\expert\\Documents\\Codex\\2026-06-03\\c-users-expert-desktop-novax-pro\\node_modules\\.supports-color-Jr0dP5Vc',
389 silly reify   'C:\\Users\\expert\\Documents\\Codex\\2026-06-03\\c-users-expert-desktop-novax-pro\\node_modules\\supports-preserve-symlinks-flag': 'C:\\Users\\expert\\Documents\\Codex\\2026-06-03\\c-users-expert-desktop-novax-pro\\node_modules\\.supports-preserve-symlinks-flag-DWW1szZT',
389 silly reify   'C:\\Users\\expert\\Documents\\Codex\\2026-06-03\\c-users-expert-desktop-novax-pro\\node_modules\\tailwindcss': 'C:\\Users\\expert\\Documents\\Codex\\2026-06-03\\c-users-expert-desktop-novax-pro\\node_modules\\.tailwindcss-lWFGBDUe',
389 silly reify   'C:\\Users\\expert\\Documents\\Codex\\2026-06-03\\c-users-expert-desktop-novax-pro\\node_modules\\tinyexec': 'C:\\Users\\expert\\Documents\\Codex\\2026-06-03\\c-users-expert-desktop-novax-pro\\node_modules\\.tinyexec-fxO8uCUj',
389 silly reify   'C:\\Users\\expert\\Documents\\Codex\\2026-06-03\\c-users-expert-desktop-novax-pro\\node_modules\\tapable': 'C:\\Users\\expert\\Documents\\Codex\\2026-06-03\\c-users-expert-desktop-novax-pro\\node_modules\\.tapable-WuVglJRm',
389 silly reify   'C:\\Users\\expert\\Documents\\Codex\\2026-06-03\\c-users-expert-desktop-novax-pro\\node_modules\\to-regex-range': 'C:\\Users\\expert\\Documents\\Codex\\2026-06-03\\c-users-expert-desktop-novax-pro\\node_modules\\.to-regex-range-CrE96j9K',
389 silly reify   'C:\\Users\\expert\\Documents\\Codex\\2026-06-03\\c-users-expert-desktop-novax-pro\\node_modules\\tinyglobby': 'C:\\Users\\expert\\Documents\\Codex\\2026-06-03\\c-users-expert-desktop-novax-pro\\node_modules\\.tinyglobby-JjAohh9R',
389 silly reify   'C:\\Users\\expert\\Documents\\Codex\\2026-06-03\\c-users-expert-desktop-novax-pro\\node_modules\\ts-api-utils': 'C:\\Users\\expert\\Documents\\Codex\\2026-06-03\\c-users-expert-desktop-novax-pro\\node_modules\\.ts-api-utils-UqdCLgO2',
389 silly reify   'C:\\Users\\expert\\Documents\\Codex\\2026-06-03\\c-users-expert-desktop-novax-pro\\node_modules\\tsconfig-paths': 'C:\\Users\\expert\\Documents\\Codex\\2026-06-03\\c-users-expert-desktop-novax-pro\\node_modules\\.tsconfig-paths-yVliNmtN',
389 silly reify   'C:\\Users\\expert\\Documents\\Codex\\2026-06-03\\c-users-expert-desktop-novax-pro\\node_modules\\tslib': 'C:\\Users\\expert\\Documents\\Codex\\2026-06-03\\c-users-expert-desktop-novax-pro\\node_modules\\.tslib-FZY8M5yn',
389 silly reify   'C:\\Users\\expert\\Documents\\Codex\\2026-06-03\\c-users-expert-desktop-novax-pro\\node_modules\\type-check': 'C:\\Users\\expert\\Documents\\Codex\\2026-06-03\\c-users-expert-desktop-novax-pro\\node_modules\\.type-check-gqg6Ls5z',
389 silly reify   'C:\\Users\\expert\\Documents\\Codex\\2026-06-03\\c-users-expert-desktop-novax-pro\\node_modules\\typed-array-buffer': 'C:\\Users\\expert\\Documents\\Codex\\2026-06-03\\c-users-expert-desktop-novax-pro\\node_modules\\.typed-array-buffer-YcP7igmU',
389 silly reify   'C:\\Users\\expert\\Documents\\Codex\\2026-06-03\\c-users-expert-desktop-novax-pro\\node_modules\\typed-array-byte-length': 'C:\\Users\\expert\\Documents\\Codex\\2026-06-03\\c-users-expert-desktop-novax-pro\\node_modules\\.typed-array-byte-length-Nftfm6mD',
389 silly reify   'C:\\Users\\expert\\Documents\\Codex\\2026-06-03\\c-users-expert-desktop-novax-pro\\node_modules\\typed-array-byte-offset': 'C:\\Users\\expert\\Documents\\Codex\\2026-06-03\\c-users-expert-desktop-novax-pro\\node_modules\\.typed-array-byte-offset-vfjSTjeX',
389 silly reify   'C:\\Users\\expert\\Documents\\Codex\\2026-06-03\\c-users-expert-desktop-novax-pro\\node_modules\\typed-array-length': 'C:\\Users\\expert\\Documents\\Codex\\2026-06-03\\c-users-expert-desktop-novax-pro\\node_modules\\.typed-array-length-9g1krWsD',
389 silly reify   'C:\\Users\\expert\\Documents\\Codex\\2026-06-03\\c-users-expert-desktop-novax-pro\\node_modules\\typescript': 'C:\\Users\\expert\\Documents\\Codex\\2026-06-03\\c-users-expert-desktop-novax-pro\\node_modules\\.typescript-fv0nrJj5',
389 silly reify   'C:\\Users\\expert\\Documents\\Codex\\2026-06-03\\c-users-expert-desktop-novax-pro\\node_modules\\typescript-eslint': 'C:\\Users\\expert\\Documents\\Codex\\2026-06-03\\c-users-expert-desktop-novax-pro\\node_modules\\.typescript-eslint-APOBoieV',
389 silly reify   'C:\\Users\\expert\\Documents\\Codex\\2026-06-03\\c-users-expert-desktop-novax-pro\\node_modules\\unbox-primitive': 'C:\\Users\\expert\\Documents\\Codex\\2026-06-03\\c-users-expert-desktop-novax-pro\\node_modules\\.unbox-primitive-QdoeG8Jq',
389 silly reify   'C:\\Users\\expert\\Documents\\Codex\\2026-06-03\\c-users-expert-desktop-novax-pro\\node_modules\\unrs-resolver': 'C:\\Users\\expert\\Documents\\Codex\\2026-06-03\\c-users-expert-desktop-novax-pro\\node_modules\\.unrs-resolver-230Yof7g',
389 silly reify   'C:\\Users\\expert\\Documents\\Codex\\2026-06-03\\c-users-expert-desktop-novax-pro\\node_modules\\undici-types': 'C:\\Users\\expert\\Documents\\Codex\\2026-06-03\\c-users-expert-desktop-novax-pro\\node_modules\\.undici-types-uNxysTWT',
389 silly reify   'C:\\Users\\expert\\Documents\\Codex\\2026-06-03\\c-users-expert-desktop-novax-pro\\node_modules\\uri-js': 'C:\\Users\\expert\\Documents\\Codex\\2026-06-03\\c-users-expert-desktop-novax-pro\\node_modules\\.uri-js-2Ls9VbWd',
389 silly reify   'C:\\Users\\expert\\Documents\\Codex\\2026-06-03\\c-users-expert-desktop-novax-pro\\node_modules\\update-browserslist-db': 'C:\\Users\\expert\\Documents\\Codex\\2026-06-03\\c-users-expert-desktop-novax-pro\\node_modules\\.update-browserslist-db-ctVBB1Tv',
389 silly reify   'C:\\Users\\expert\\Documents\\Codex\\2026-06-03\\c-users-expert-desktop-novax-pro\\node_modules\\which-boxed-primitive': 'C:\\Users\\expert\\Documents\\Codex\\2026-06-03\\c-users-expert-desktop-novax-pro\\node_modules\\.which-boxed-primitive-Baf3RQ6A',
389 silly reify   'C:\\Users\\expert\\Documents\\Codex\\2026-06-03\\c-users-expert-desktop-novax-pro\\node_modules\\which-builtin-type': 'C:\\Users\\expert\\Documents\\Codex\\2026-06-03\\c-users-expert-desktop-novax-pro\\node_modules\\.which-builtin-type-EEg5Hi43',
389 silly reify   'C:\\Users\\expert\\Documents\\Codex\\2026-06-03\\c-users-expert-desktop-novax-pro\\node_modules\\which': 'C:\\Users\\expert\\Documents\\Codex\\2026-06-03\\c-users-expert-desktop-novax-pro\\node_modules\\.which-4qBUpR3c',
389 silly reify   'C:\\Users\\expert\\Documents\\Codex\\2026-06-03\\c-users-expert-desktop-novax-pro\\node_modules\\which-collection': 'C:\\Users\\expert\\Documents\\Codex\\2026-06-03\\c-users-expert-desktop-novax-pro\\node_modules\\.which-collection-BOTyjdvr',
389 silly reify   'C:\\Users\\expert\\Documents\\Codex\\2026-06-03\\c-users-expert-desktop-novax-pro\\node_modules\\which-typed-array': 'C:\\Users\\expert\\Documents\\Codex\\2026-06-03\\c-users-expert-desktop-novax-pro\\node_modules\\.which-typed-array-lfsKWLQp',
389 silly reify   'C:\\Users\\expert\\Documents\\Codex\\2026-06-03\\c-users-expert-desktop-novax-pro\\node_modules\\yallist': 'C:\\Users\\expert\\Documents\\Codex\\2026-06-03\\c-users-expert-desktop-novax-pro\\node_modules\\.yallist-mbGw0TX6',
389 silly reify   'C:\\Users\\expert\\Documents\\Codex\\2026-06-03\\c-users-expert-desktop-novax-pro\\node_modules\\word-wrap': 'C:\\Users\\expert\\Documents\\Codex\\2026-06-03\\c-users-expert-desktop-novax-pro\\node_modules\\.word-wrap-RHiabeT0',
389 silly reify   'C:\\Users\\expert\\Documents\\Codex\\2026-06-03\\c-users-expert-desktop-novax-pro\\node_modules\\yocto-queue': 'C:\\Users\\expert\\Documents\\Codex\\2026-06-03\\c-users-expert-desktop-novax-pro\\node_modules\\.yocto-queue-it8ncbZs',
389 silly reify   'C:\\Users\\expert\\Documents\\Codex\\2026-06-03\\c-users-expert-desktop-novax-pro\\node_modules\\zod': 'C:\\Users\\expert\\Documents\\Codex\\2026-06-03\\c-users-expert-desktop-novax-pro\\node_modules\\.zod-xu7HJMFT',
389 silly reify   'C:\\Users\\expert\\Documents\\Codex\\2026-06-03\\c-users-expert-desktop-novax-pro\\node_modules\\zod-validation-error': 'C:\\Users\\expert\\Documents\\Codex\\2026-06-03\\c-users-expert-desktop-novax-pro\\node_modules\\.zod-validation-error-QUJ3qlqG',
389 silly reify   'C:\\Users\\expert\\Documents\\Codex\\2026-06-03\\c-users-expert-desktop-novax-pro\\node_modules\\@alloc\\quick-lru': 'C:\\Users\\expert\\Documents\\Codex\\2026-06-03\\c-users-expert-desktop-novax-pro\\node_modules\\@alloc\\.quick-lru-TWP3QZCs',
389 silly reify   'C:\\Users\\expert\\Documents\\Codex\\2026-06-03\\c-users-expert-desktop-novax-pro\\node_modules\\@babel\\code-frame': 'C:\\Users\\expert\\Documents\\Codex\\2026-06-03\\c-users-expert-desktop-novax-pro\\node_modules\\@babel\\.code-frame-U8fzQcnE',
389 silly reify   'C:\\Users\\expert\\Documents\\Codex\\2026-06-03\\c-users-expert-desktop-novax-pro\\node_modules\\@babel\\compat-data': 'C:\\Users\\expert\\Documents\\Codex\\2026-06-03\\c-users-expert-desktop-novax-pro\\node_modules\\@babel\\.compat-data-aZnc3OSg',
389 silly reify   'C:\\Users\\expert\\Documents\\Codex\\2026-06-03\\c-users-expert-desktop-novax-pro\\node_modules\\@babel\\core': 'C:\\Users\\expert\\Documents\\Codex\\2026-06-03\\c-users-expert-desktop-novax-pro\\node_modules\\@babel\\.core-zg96OEcf',
389 silly reify   'C:\\Users\\expert\\Documents\\Codex\\2026-06-03\\c-users-expert-desktop-novax-pro\\node_modules\\@babel\\generator': 'C:\\Users\\expert\\Documents\\Codex\\2026-06-03\\c-users-expert-desktop-novax-pro\\node_modules\\@babel\\.generator-Rup2AdpI',
389 silly reify   'C:\\Users\\expert\\Documents\\Codex\\2026-06-03\\c-users-expert-desktop-novax-pro\\node_modules\\@babel\\helper-compilation-targets': 'C:\\Users\\expert\\Documents\\Codex\\2026-06-03\\c-users-expert-desktop-novax-pro\\node_modules\\@babel\\.helper-compilation-targets-0yS26XOX',
389 silly reify   'C:\\Users\\expert\\Documents\\Codex\\2026-06-03\\c-users-expert-desktop-novax-pro\\node_modules\\@babel\\helper-globals': 'C:\\Users\\expert\\Documents\\Codex\\2026-06-03\\c-users-expert-desktop-novax-pro\\node_modules\\@babel\\.helper-globals-WhI41Njp',
389 silly reify   'C:\\Users\\expert\\Documents\\Codex\\2026-06-03\\c-users-expert-desktop-novax-pro\\node_modules\\@babel\\helper-module-imports': 'C:\\Users\\expert\\Documents\\Codex\\2026-06-03\\c-users-expert-desktop-novax-pro\\node_modules\\@babel\\.helper-module-imports-KzA0MidW',
389 silly reify   'C:\\Users\\expert\\Documents\\Codex\\2026-06-03\\c-users-expert-desktop-novax-pro\\node_modules\\@babel\\helper-module-transforms': 'C:\\Users\\expert\\Documents\\Codex\\2026-06-03\\c-users-expert-desktop-novax-pro\\node_modules\\@babel\\.helper-module-transforms-U2aFbTQ6',
389 silly reify   'C:\\Users\\expert\\Documents\\Codex\\2026-06-03\\c-users-expert-desktop-novax-pro\\node_modules\\@babel\\helper-string-parser': 'C:\\Users\\expert\\Documents\\Codex\\2026-06-03\\c-users-expert-desktop-novax-pro\\node_modules\\@babel\\.helper-string-parser-LwdZHhJP',
389 silly reify   'C:\\Users\\expert\\Documents\\Codex\\2026-06-03\\c-users-expert-desktop-novax-pro\\node_modules\\@babel\\helper-validator-option': 'C:\\Users\\expert\\Documents\\Codex\\2026-06-03\\c-users-expert-desktop-novax-pro\\node_modules\\@babel\\.helper-validator-option-wROj5bJI',
389 silly reify   'C:\\Users\\expert\\Documents\\Codex\\2026-06-03\\c-users-expert-desktop-novax-pro\\node_modules\\@babel\\helper-validator-identifier': 'C:\\Users\\expert\\Documents\\Codex\\2026-06-03\\c-users-expert-desktop-novax-pro\\node_modules\\@babel\\.helper-validator-identifier-uQqYjfej',
389 silly reify   'C:\\Users\\expert\\Documents\\Codex\\2026-06-03\\c-users-expert-desktop-novax-pro\\node_modules\\@babel\\helpers': 'C:\\Users\\expert\\Documents\\Codex\\2026-06-03\\c-users-expert-desktop-novax-pro\\node_modules\\@babel\\.helpers-rGjPh2jF',
389 silly reify   'C:\\Users\\expert\\Documents\\Codex\\2026-06-03\\c-users-expert-desktop-novax-pro\\node_modules\\@babel\\parser': 'C:\\Users\\expert\\Documents\\Codex\\2026-06-03\\c-users-expert-desktop-novax-pro\\node_modules\\@babel\\.parser-5YTPeSTa',
389 silly reify   'C:\\Users\\expert\\Documents\\Codex\\2026-06-03\\c-users-expert-desktop-novax-pro\\node_modules\\@babel\\template': 'C:\\Users\\expert\\Documents\\Codex\\2026-06-03\\c-users-expert-desktop-novax-pro\\node_modules\\@babel\\.template-07oOW625',
389 silly reify   'C:\\Users\\expert\\Documents\\Codex\\2026-06-03\\c-users-expert-desktop-novax-pro\\node_modules\\@babel\\traverse': 'C:\\Users\\expert\\Documents\\Codex\\2026-06-03\\c-users-expert-desktop-novax-pro\\node_modules\\@babel\\.traverse-qTsgATYa',
389 silly reify   'C:\\Users\\expert\\Documents\\Codex\\2026-06-03\\c-users-expert-desktop-novax-pro\\node_modules\\@babel\\types': 'C:\\Users\\expert\\Documents\\Codex\\2026-06-03\\c-users-expert-desktop-novax-pro\\node_modules\\@babel\\.types-j7W11vZQ',
389 silly reify   'C:\\Users\\expert\\Documents\\Codex\\2026-06-03\\c-users-expert-desktop-novax-pro\\node_modules\\@emnapi\\core': 'C:\\Users\\expert\\Documents\\Codex\\2026-06-03\\c-users-expert-desktop-novax-pro\\node_modules\\@emnapi\\.core-WE7P5nAM',
389 silly reify   'C:\\Users\\expert\\Documents\\Codex\\2026-06-03\\c-users-expert-desktop-novax-pro\\node_modules\\@emnapi\\runtime': 'C:\\Users\\expert\\Documents\\Codex\\2026-06-03\\c-users-expert-desktop-novax-pro\\node_modules\\@emnapi\\.runtime-pgvVVfdm',
389 silly reify   'C:\\Users\\expert\\Documents\\Codex\\2026-06-03\\c-users-expert-desktop-novax-pro\\node_modules\\@emnapi\\wasi-threads': 'C:\\Users\\expert\\Documents\\Codex\\2026-06-03\\c-users-expert-desktop-novax-pro\\node_modules\\@emnapi\\.wasi-threads-l2iDwufZ',
389 silly reify   'C:\\Users\\expert\\Documents\\Codex\\2026-06-03\\c-users-expert-desktop-novax-pro\\node_modules\\@eslint\\config-array': 'C:\\Users\\expert\\Documents\\Codex\\2026-06-03\\c-users-expert-desktop-novax-pro\\node_modules\\@eslint\\.config-array-Cdm0mh4Z',
389 silly reify   'C:\\Users\\expert\\Documents\\Codex\\2026-06-03\\c-users-expert-desktop-novax-pro\\node_modules\\@eslint\\config-helpers': 'C:\\Users\\expert\\Documents\\Codex\\2026-06-03\\c-users-expert-desktop-novax-pro\\node_modules\\@eslint\\.config-helpers-OBiLIATr',
389 silly reify   'C:\\Users\\expert\\Documents\\Codex\\2026-06-03\\c-users-expert-desktop-novax-pro\\node_modules\\@eslint\\core': 'C:\\Users\\expert\\Documents\\Codex\\2026-06-03\\c-users-expert-desktop-novax-pro\\node_modules\\@eslint\\.core-tkfjirLP',
389 silly reify   'C:\\Users\\expert\\Documents\\Codex\\2026-06-03\\c-users-expert-desktop-novax-pro\\node_modules\\@eslint\\eslintrc': 'C:\\Users\\expert\\Documents\\Codex\\2026-06-03\\c-users-expert-desktop-novax-pro\\node_modules\\@eslint\\.eslintrc-uDoxvTsw',
389 silly reify   'C:\\Users\\expert\\Documents\\Codex\\2026-06-03\\c-users-expert-desktop-novax-pro\\node_modules\\@eslint\\js': 'C:\\Users\\expert\\Documents\\Codex\\2026-06-03\\c-users-expert-desktop-novax-pro\\node_modules\\@eslint\\.js-o4edh25N',
389 silly reify   'C:\\Users\\expert\\Documents\\Codex\\2026-06-03\\c-users-expert-desktop-novax-pro\\node_modules\\@eslint\\object-schema': 'C:\\Users\\expert\\Documents\\Codex\\2026-06-03\\c-users-expert-desktop-novax-pro\\node_modules\\@eslint\\.object-schema-t3VsNIK9',
389 silly reify   'C:\\Users\\expert\\Documents\\Codex\\2026-06-03\\c-users-expert-desktop-novax-pro\\node_modules\\@eslint\\plugin-kit': 'C:\\Users\\expert\\Documents\\Codex\\2026-06-03\\c-users-expert-desktop-novax-pro\\node_modules\\@eslint\\.plugin-kit-PXcsFull',
389 silly reify   'C:\\Users\\expert\\Documents\\Codex\\2026-06-03\\c-users-expert-desktop-novax-pro\\node_modules\\@humanfs\\node': 'C:\\Users\\expert\\Documents\\Codex\\2026-06-03\\c-users-expert-desktop-novax-pro\\node_modules\\@humanfs\\.node-JKprtZXR',
389 silly reify   'C:\\Users\\expert\\Documents\\Codex\\2026-06-03\\c-users-expert-desktop-novax-pro\\node_modules\\@humanfs\\core': 'C:\\Users\\expert\\Documents\\Codex\\2026-06-03\\c-users-expert-desktop-novax-pro\\node_modules\\@humanfs\\.core-XgIkPMtf',
389 silly reify   'C:\\Users\\expert\\Documents\\Codex\\2026-06-03\\c-users-expert-desktop-novax-pro\\node_modules\\@img\\colour': 'C:\\Users\\expert\\Documents\\Codex\\2026-06-03\\c-users-expert-desktop-novax-pro\\node_modules\\@img\\.colour-tDKZ7m0x',
389 silly reify   'C:\\Users\\expert\\Documents\\Codex\\2026-06-03\\c-users-expert-desktop-novax-pro\\node_modules\\@humanfs\\types': 'C:\\Users\\expert\\Documents\\Codex\\2026-06-03\\c-users-expert-desktop-novax-pro\\node_modules\\@humanfs\\.types-Q4oxSPA2',
389 silly reify   'C:\\Users\\expert\\Documents\\Codex\\2026-06-03\\c-users-expert-desktop-novax-pro\\node_modules\\@img\\sharp-win32-x64': 'C:\\Users\\expert\\Documents\\Codex\\2026-06-03\\c-users-expert-desktop-novax-pro\\node_modules\\@img\\.sharp-win32-x64-66y1NcXu',
389 silly reify   'C:\\Users\\expert\\Documents\\Codex\\2026-06-03\\c-users-expert-desktop-novax-pro\\node_modules\\@eslint-community\\eslint-utils': 'C:\\Users\\expert\\Documents\\Codex\\2026-06-03\\c-users-expert-desktop-novax-pro\\node_modules\\@eslint-community\\.eslint-utils-a3BlGisU',
389 silly reify   'C:\\Users\\expert\\Documents\\Codex\\2026-06-03\\c-users-expert-desktop-novax-pro\\node_modules\\@humanwhocodes\\module-importer': 'C:\\Users\\expert\\Documents\\Codex\\2026-06-03\\c-users-expert-desktop-novax-pro\\node_modules\\@humanwhocodes\\.module-importer-J9C7Y9PO',
389 silly reify   'C:\\Users\\expert\\Documents\\Codex\\2026-06-03\\c-users-expert-desktop-novax-pro\\node_modules\\@eslint-community\\regexpp': 'C:\\Users\\expert\\Documents\\Codex\\2026-06-03\\c-users-expert-desktop-novax-pro\\node_modules\\@eslint-community\\.regexpp-YnzTR4HV',
389 silly reify   'C:\\Users\\expert\\Documents\\Codex\\2026-06-03\\c-users-expert-desktop-novax-pro\\node_modules\\@humanwhocodes\\retry': 'C:\\Users\\expert\\Documents\\Codex\\2026-06-03\\c-users-expert-desktop-novax-pro\\node_modules\\@humanwhocodes\\.retry-IHB2VOEl',
389 silly reify   'C:\\Users\\expert\\Documents\\Codex\\2026-06-03\\c-users-expert-desktop-novax-pro\\node_modules\\@jridgewell\\gen-mapping': 'C:\\Users\\expert\\Documents\\Codex\\2026-06-03\\c-users-expert-desktop-novax-pro\\node_modules\\@jridgewell\\.gen-mapping-vJZpLQGE',
389 silly reify   'C:\\Users\\expert\\Documents\\Codex\\2026-06-03\\c-users-expert-desktop-novax-pro\\node_modules\\@jridgewell\\resolve-uri': 'C:\\Users\\expert\\Documents\\Codex\\2026-06-03\\c-users-expert-desktop-novax-pro\\node_modules\\@jridgewell\\.resolve-uri-eCZa2dC5',
389 silly reify   'C:\\Users\\expert\\Documents\\Codex\\2026-06-03\\c-users-expert-desktop-novax-pro\\node_modules\\@jridgewell\\remapping': 'C:\\Users\\expert\\Documents\\Codex\\2026-06-03\\c-users-expert-desktop-novax-pro\\node_modules\\@jridgewell\\.remapping-9QWoOMRH',
389 silly reify   'C:\\Users\\expert\\Documents\\Codex\\2026-06-03\\c-users-expert-desktop-novax-pro\\node_modules\\@jridgewell\\sourcemap-codec': 'C:\\Users\\expert\\Documents\\Codex\\2026-06-03\\c-users-expert-desktop-novax-pro\\node_modules\\@jridgewell\\.sourcemap-codec-7rsccJn8',
389 silly reify   'C:\\Users\\expert\\Documents\\Codex\\2026-06-03\\c-users-expert-desktop-novax-pro\\node_modules\\@jridgewell\\trace-mapping': 'C:\\Users\\expert\\Documents\\Codex\\2026-06-03\\c-users-expert-desktop-novax-pro\\node_modules\\@jridgewell\\.trace-mapping-bkUtcNlG',
389 silly reify   'C:\\Users\\expert\\Documents\\Codex\\2026-06-03\\c-users-expert-desktop-novax-pro\\node_modules\\@napi-rs\\wasm-runtime': 'C:\\Users\\expert\\Documents\\Codex\\2026-06-03\\c-users-expert-desktop-novax-pro\\node_modules\\@napi-rs\\.wasm-runtime-RWoBPTkh',
389 silly reify   'C:\\Users\\expert\\Documents\\Codex\\2026-06-03\\c-users-expert-desktop-novax-pro\\node_modules\\@next\\env': 'C:\\Users\\expert\\Documents\\Codex\\2026-06-03\\c-users-expert-desktop-novax-pro\\node_modules\\@next\\.env-5N0nZSsl',
389 silly reify   'C:\\Users\\expert\\Documents\\Codex\\2026-06-03\\c-users-expert-desktop-novax-pro\\node_modules\\@next\\swc-win32-x64-msvc': 'C:\\Users\\expert\\Documents\\Codex\\2026-06-03\\c-users-expert-desktop-novax-pro\\node_modules\\@next\\.swc-win32-x64-msvc-WapFvPXe',
389 silly reify   'C:\\Users\\expert\\Documents\\Codex\\2026-06-03\\c-users-expert-desktop-novax-pro\\node_modules\\@next\\eslint-plugin-next': 'C:\\Users\\expert\\Documents\\Codex\\2026-06-03\\c-users-expert-desktop-novax-pro\\node_modules\\@next\\.eslint-plugin-next-k9WTiqG9',
389 silly reify   'C:\\Users\\expert\\Documents\\Codex\\2026-06-03\\c-users-expert-desktop-novax-pro\\node_modules\\@nodelib\\fs.scandir': 'C:\\Users\\expert\\Documents\\Codex\\2026-06-03\\c-users-expert-desktop-novax-pro\\node_modules\\@nodelib\\.fs.scandir-SkbwgrYS',
389 silly reify   'C:\\Users\\expert\\Documents\\Codex\\2026-06-03\\c-users-expert-desktop-novax-pro\\node_modules\\@nodelib\\fs.walk': 'C:\\Users\\expert\\Documents\\Codex\\2026-06-03\\c-users-expert-desktop-novax-pro\\node_modules\\@nodelib\\.fs.walk-Z5eQ3U4S',
389 silly reify   'C:\\Users\\expert\\Documents\\Codex\\2026-06-03\\c-users-expert-desktop-novax-pro\\node_modules\\@nodelib\\fs.stat': 'C:\\Users\\expert\\Documents\\Codex\\2026-06-03\\c-users-expert-desktop-novax-pro\\node_modules\\@nodelib\\.fs.stat-cLv7CTas',
389 silly reify   'C:\\Users\\expert\\Documents\\Codex\\2026-06-03\\c-users-expert-desktop-novax-pro\\node_modules\\@nolyfill\\is-core-module': 'C:\\Users\\expert\\Documents\\Codex\\2026-06-03\\c-users-expert-desktop-novax-pro\\node_modules\\@nolyfill\\.is-core-module-jHxLWCH6',
389 silly reify   'C:\\Users\\expert\\Documents\\Codex\\2026-06-03\\c-users-expert-desktop-novax-pro\\node_modules\\@prisma\\client': 'C:\\Users\\expert\\Documents\\Codex\\2026-06-03\\c-users-expert-desktop-novax-pro\\node_modules\\@prisma\\.client-NFDc7bT4',
389 silly reify   'C:\\Users\\expert\\Documents\\Codex\\2026-06-03\\c-users-expert-desktop-novax-pro\\node_modules\\@prisma\\debug': 'C:\\Users\\expert\\Documents\\Codex\\2026-06-03\\c-users-expert-desktop-novax-pro\\node_modules\\@prisma\\.debug-TWEDdGKC',
389 silly reify   'C:\\Users\\expert\\Documents\\Codex\\2026-06-03\\c-users-expert-desktop-novax-pro\\node_modules\\@prisma\\config': 'C:\\Users\\expert\\Documents\\Codex\\2026-06-03\\c-users-expert-desktop-novax-pro\\node_modules\\@prisma\\.config-6S8pYeKo',
389 silly reify   'C:\\Users\\expert\\Documents\\Codex\\2026-06-03\\c-users-expert-desktop-novax-pro\\node_modules\\@prisma\\engines': 'C:\\Users\\expert\\Documents\\Codex\\2026-06-03\\c-users-expert-desktop-novax-pro\\node_modules\\@prisma\\.engines-7kRBocrn',
389 silly reify   'C:\\Users\\expert\\Documents\\Codex\\2026-06-03\\c-users-expert-desktop-novax-pro\\node_modules\\@prisma\\fetch-engine': 'C:\\Users\\expert\\Documents\\Codex\\2026-06-03\\c-users-expert-desktop-novax-pro\\node_modules\\@prisma\\.fetch-engine-y34N9zaw',
389 silly reify   'C:\\Users\\expert\\Documents\\Codex\\2026-06-03\\c-users-expert-desktop-novax-pro\\node_modules\\@prisma\\get-platform': 'C:\\Users\\expert\\Documents\\Codex\\2026-06-03\\c-users-expert-desktop-novax-pro\\node_modules\\@prisma\\.get-platform-rtPUJzdA',
389 silly reify   'C:\\Users\\expert\\Documents\\Codex\\2026-06-03\\c-users-expert-desktop-novax-pro\\node_modules\\@rtsao\\scc': 'C:\\Users\\expert\\Documents\\Codex\\2026-06-03\\c-users-expert-desktop-novax-pro\\node_modules\\@rtsao\\.scc-4zbkXfGX',
389 silly reify   'C:\\Users\\expert\\Documents\\Codex\\2026-06-03\\c-users-expert-desktop-novax-pro\\node_modules\\@prisma\\engines-version': 'C:\\Users\\expert\\Documents\\Codex\\2026-06-03\\c-users-expert-desktop-novax-pro\\node_modules\\@prisma\\.engines-version-3nTmOmoq',
389 silly reify   'C:\\Users\\expert\\Documents\\Codex\\2026-06-03\\c-users-expert-desktop-novax-pro\\node_modules\\@standard-schema\\spec': 'C:\\Users\\expert\\Documents\\Codex\\2026-06-03\\c-users-expert-desktop-novax-pro\\node_modules\\@standard-schema\\.spec-94IAs3UR',
389 silly reify   'C:\\Users\\expert\\Documents\\Codex\\2026-06-03\\c-users-expert-desktop-novax-pro\\node_modules\\@swc\\helpers': 'C:\\Users\\expert\\Documents\\Codex\\2026-06-03\\c-users-expert-desktop-novax-pro\\node_modules\\@swc\\.helpers-OBu02QpB',
389 silly reify   'C:\\Users\\expert\\Documents\\Codex\\2026-06-03\\c-users-expert-desktop-novax-pro\\node_modules\\@tailwindcss\\oxide': 'C:\\Users\\expert\\Documents\\Codex\\2026-06-03\\c-users-expert-desktop-novax-pro\\node_modules\\@tailwindcss\\.oxide-v6McHtHp',
389 silly reify   'C:\\Users\\expert\\Documents\\Codex\\2026-06-03\\c-users-expert-desktop-novax-pro\\node_modules\\@tailwindcss\\node': 'C:\\Users\\expert\\Documents\\Codex\\2026-06-03\\c-users-expert-desktop-novax-pro\\node_modules\\@tailwindcss\\.node-2NYC4P01',
389 silly reify   'C:\\Users\\expert\\Documents\\Codex\\2026-06-03\\c-users-expert-desktop-novax-pro\\node_modules\\@tailwindcss\\postcss': 'C:\\Users\\expert\\Documents\\Codex\\2026-06-03\\c-users-expert-desktop-novax-pro\\node_modules\\@tailwindcss\\.postcss-zgWmJtRP',
389 silly reify   'C:\\Users\\expert\\Documents\\Codex\\2026-06-03\\c-users-expert-desktop-novax-pro\\node_modules\\@tybys\\wasm-util': 'C:\\Users\\expert\\Documents\\Codex\\2026-06-03\\c-users-expert-desktop-novax-pro\\node_modules\\@tybys\\.wasm-util-axhZARZt',
389 silly reify   'C:\\Users\\expert\\Documents\\Codex\\2026-06-03\\c-users-expert-desktop-novax-pro\\node_modules\\@tailwindcss\\oxide-win32-x64-msvc': 'C:\\Users\\expert\\Documents\\Codex\\2026-06-03\\c-users-expert-desktop-novax-pro\\node_modules\\@tailwindcss\\.oxide-win32-x64-msvc-apenGt7P',
389 silly reify   'C:\\Users\\expert\\Documents\\Codex\\2026-06-03\\c-users-expert-desktop-novax-pro\\node_modules\\@types\\estree': 'C:\\Users\\expert\\Documents\\Codex\\2026-06-03\\c-users-expert-desktop-novax-pro\\node_modules\\@types\\.estree-NyO5E8Rt',
389 silly reify   'C:\\Users\\expert\\Documents\\Codex\\2026-06-03\\c-users-expert-desktop-novax-pro\\node_modules\\@types\\json5': 'C:\\Users\\expert\\Documents\\Codex\\2026-06-03\\c-users-expert-desktop-novax-pro\\node_modules\\@types\\.json5-IQTJV8dX',
389 silly reify   'C:\\Users\\expert\\Documents\\Codex\\2026-06-03\\c-users-expert-desktop-novax-pro\\node_modules\\@types\\json-schema': 'C:\\Users\\expert\\Documents\\Codex\\2026-06-03\\c-users-expert-desktop-novax-pro\\node_modules\\@types\\.json-schema-cSfROCD0',
389 silly reify   'C:\\Users\\expert\\Documents\\Codex\\2026-06-03\\c-users-expert-desktop-novax-pro\\node_modules\\@types\\react': 'C:\\Users\\expert\\Documents\\Codex\\2026-06-03\\c-users-expert-desktop-novax-pro\\node_modules\\@types\\.react-EQVHOT3i',
389 silly reify   'C:\\Users\\expert\\Documents\\Codex\\2026-06-03\\c-users-expert-desktop-novax-pro\\node_modules\\@types\\node': 'C:\\Users\\expert\\Documents\\Codex\\2026-06-03\\c-users-expert-desktop-novax-pro\\node_modules\\@types\\.node-2g2dtK0L',
389 silly reify   'C:\\Users\\expert\\Documents\\Codex\\2026-06-03\\c-users-expert-desktop-novax-pro\\node_modules\\@types\\react-dom': 'C:\\Users\\expert\\Documents\\Codex\\2026-06-03\\c-users-expert-desktop-novax-pro\\node_modules\\@types\\.react-dom-c5Tqg18N',
389 silly reify   'C:\\Users\\expert\\Documents\\Codex\\2026-06-03\\c-users-expert-desktop-novax-pro\\node_modules\\@typescript-eslint\\eslint-plugin': 'C:\\Users\\expert\\Documents\\Codex\\2026-06-03\\c-users-expert-desktop-novax-pro\\node_modules\\@typescript-eslint\\.eslint-plugin-iy8rLNFh',
389 silly reify   'C:\\Users\\expert\\Documents\\Codex\\2026-06-03\\c-users-expert-desktop-novax-pro\\node_modules\\@typescript-eslint\\project-service': 'C:\\Users\\expert\\Documents\\Codex\\2026-06-03\\c-users-expert-desktop-novax-pro\\node_modules\\@typescript-eslint\\.project-service-mm6yJJEF',
389 silly reify   'C:\\Users\\expert\\Documents\\Codex\\2026-06-03\\c-users-expert-desktop-novax-pro\\node_modules\\@typescript-eslint\\scope-manager': 'C:\\Users\\expert\\Documents\\Codex\\2026-06-03\\c-users-expert-desktop-novax-pro\\node_modules\\@typescript-eslint\\.scope-manager-a7jaxaVV',
389 silly reify   'C:\\Users\\expert\\Documents\\Codex\\2026-06-03\\c-users-expert-desktop-novax-pro\\node_modules\\@typescript-eslint\\parser': 'C:\\Users\\expert\\Documents\\Codex\\2026-06-03\\c-users-expert-desktop-novax-pro\\node_modules\\@typescript-eslint\\.parser-jj9ZAxpt',
389 silly reify   'C:\\Users\\expert\\Documents\\Codex\\2026-06-03\\c-users-expert-desktop-novax-pro\\node_modules\\@typescript-eslint\\type-utils': 'C:\\Users\\expert\\Documents\\Codex\\2026-06-03\\c-users-expert-desktop-novax-pro\\node_modules\\@typescript-eslint\\.type-utils-v2yb0ijR',
389 silly reify   'C:\\Users\\expert\\Documents\\Codex\\2026-06-03\\c-users-expert-desktop-novax-pro\\node_modules\\@typescript-eslint\\types': 'C:\\Users\\expert\\Documents\\Codex\\2026-06-03\\c-users-expert-desktop-novax-pro\\node_modules\\@typescript-eslint\\.types-u1aRjFKV',
389 silly reify   'C:\\Users\\expert\\Documents\\Codex\\2026-06-03\\c-users-expert-desktop-novax-pro\\node_modules\\@typescript-eslint\\tsconfig-utils': 'C:\\Users\\expert\\Documents\\Codex\\2026-06-03\\c-users-expert-desktop-novax-pro\\node_modules\\@typescript-eslint\\.tsconfig-utils-BvhsYtBT',
389 silly reify   'C:\\Users\\expert\\Documents\\Codex\\2026-06-03\\c-users-expert-desktop-novax-pro\\node_modules\\@typescript-eslint\\typescript-estree': 'C:\\Users\\expert\\Documents\\Codex\\2026-06-03\\c-users-expert-desktop-novax-pro\\node_modules\\@typescript-eslint\\.typescript-estree-tnBoLL0q',
389 silly reify   'C:\\Users\\expert\\Documents\\Codex\\2026-06-03\\c-users-expert-desktop-novax-pro\\node_modules\\@typescript-eslint\\utils': 'C:\\Users\\expert\\Documents\\Codex\\2026-06-03\\c-users-expert-desktop-novax-pro\\node_modules\\@typescript-eslint\\.utils-d3yvHYOA',
389 silly reify   'C:\\Users\\expert\\Documents\\Codex\\2026-06-03\\c-users-expert-desktop-novax-pro\\node_modules\\@typescript-eslint\\visitor-keys': 'C:\\Users\\expert\\Documents\\Codex\\2026-06-03\\c-users-expert-desktop-novax-pro\\node_modules\\@typescript-eslint\\.visitor-keys-1jTNtdkW',
389 silly reify   'C:\\Users\\expert\\Documents\\Codex\\2026-06-03\\c-users-expert-desktop-novax-pro\\node_modules\\@unrs\\resolver-binding-win32-x64-msvc': 'C:\\Users\\expert\\Documents\\Codex\\2026-06-03\\c-users-expert-desktop-novax-pro\\node_modules\\@unrs\\.resolver-binding-win32-x64-msvc-kmrVimur'
389 silly reify }
390 silly audit bulk request {
390 silly audit   '@alloc/quick-lru': [ '5.2.0' ],
390 silly audit   '@babel/code-frame': [ '7.29.0' ],
390 silly audit   '@babel/compat-data': [ '7.29.3' ],
390 silly audit   '@babel/core': [ '7.29.0' ],
390 silly audit   '@babel/generator': [ '7.29.1' ],
390 silly audit   '@babel/helper-compilation-targets': [ '7.28.6' ],
390 silly audit   '@babel/helper-globals': [ '7.28.0' ],
390 silly audit   '@babel/helper-module-imports': [ '7.28.6' ],
390 silly audit   '@babel/helper-module-transforms': [ '7.28.6' ],
390 silly audit   '@babel/helper-string-parser': [ '7.27.1' ],
390 silly audit   '@babel/helper-validator-identifier': [ '7.28.5' ],
390 silly audit   '@babel/helper-validator-option': [ '7.27.1' ],
390 silly audit   '@babel/helpers': [ '7.29.2' ],
390 silly audit   '@babel/parser': [ '7.29.3' ],
390 silly audit   '@babel/template': [ '7.28.6' ],
390 silly audit   '@babel/traverse': [ '7.29.0' ],
390 silly audit   '@babel/types': [ '7.29.0' ],
390 silly audit   '@emnapi/core': [ '1.10.0' ],
390 silly audit   '@emnapi/runtime': [ '1.10.0' ],
390 silly audit   '@emnapi/wasi-threads': [ '1.2.1' ],
390 silly audit   '@eslint-community/eslint-utils': [ '4.9.1' ],
390 silly audit   'eslint-visitor-keys': [ '3.4.3', '5.0.1', '4.2.1' ],
390 silly audit   '@eslint-community/regexpp': [ '4.12.2' ],
390 silly audit   '@eslint/config-array': [ '0.21.2' ],
390 silly audit   '@eslint/config-helpers': [ '0.4.2' ],
390 silly audit   '@eslint/core': [ '0.17.0' ],
390 silly audit   '@eslint/eslintrc': [ '3.3.5' ],
390 silly audit   '@eslint/js': [ '9.39.4' ],
390 silly audit   '@eslint/object-schema': [ '2.1.7' ],
390 silly audit   '@eslint/plugin-kit': [ '0.4.1' ],
390 silly audit   '@humanfs/core': [ '0.19.2' ],
390 silly audit   '@humanfs/node': [ '0.16.8' ],
390 silly audit   '@humanfs/types': [ '0.15.0' ],
390 silly audit   '@humanwhocodes/module-importer': [ '1.0.1' ],
390 silly audit   '@humanwhocodes/retry': [ '0.4.3' ],
390 silly audit   '@img/colour': [ '1.1.0' ],
390 silly audit   '@img/sharp-darwin-arm64': [ '0.34.5' ],
390 silly audit   '@img/sharp-darwin-x64': [ '0.34.5' ],
390 silly audit   '@img/sharp-libvips-darwin-arm64': [ '1.2.4' ],
390 silly audit   '@img/sharp-libvips-darwin-x64': [ '1.2.4' ],
390 silly audit   '@img/sharp-libvips-linux-arm': [ '1.2.4' ],
390 silly audit   '@img/sharp-libvips-linux-arm64': [ '1.2.4' ],
390 silly audit   '@img/sharp-libvips-linux-ppc64': [ '1.2.4' ],
390 silly audit   '@img/sharp-libvips-linux-riscv64': [ '1.2.4' ],
390 silly audit   '@img/sharp-libvips-linux-s390x': [ '1.2.4' ],
390 silly audit   '@img/sharp-libvips-linux-x64': [ '1.2.4' ],
390 silly audit   '@img/sharp-libvips-linuxmusl-arm64': [ '1.2.4' ],
390 silly audit   '@img/sharp-libvips-linuxmusl-x64': [ '1.2.4' ],
390 silly audit   '@img/sharp-linux-arm': [ '0.34.5' ],
390 silly audit   '@img/sharp-linux-arm64': [ '0.34.5' ],
390 silly audit   '@img/sharp-linux-ppc64': [ '0.34.5' ],
390 silly audit   '@img/sharp-linux-riscv64': [ '0.34.5' ],
390 silly audit   '@img/sharp-linux-s390x': [ '0.34.5' ],
390 silly audit   '@img/sharp-linux-x64': [ '0.34.5' ],
390 silly audit   '@img/sharp-linuxmusl-arm64': [ '0.34.5' ],
390 silly audit   '@img/sharp-linuxmusl-x64': [ '0.34.5' ],
390 silly audit   '@img/sharp-wasm32': [ '0.34.5' ],
390 silly audit   '@img/sharp-win32-arm64': [ '0.34.5' ],
390 silly audit   '@img/sharp-win32-ia32': [ '0.34.5' ],
390 silly audit   '@img/sharp-win32-x64': [ '0.34.5' ],
390 silly audit   '@jridgewell/gen-mapping': [ '0.3.13' ],
390 silly audit   '@jridgewell/remapping': [ '2.3.5' ],
390 silly audit   '@jridgewell/resolve-uri': [ '3.1.2' ],
390 silly audit   '@jridgewell/sourcemap-codec': [ '1.5.5' ],
390 silly audit   '@jridgewell/trace-mapping': [ '0.3.31' ],
390 silly audit   '@napi-rs/wasm-runtime': [ '0.2.12' ],
390 silly audit   '@next/env': [ '16.2.6' ],
390 silly audit   '@next/eslint-plugin-next': [ '16.2.6' ],
390 silly audit   '@next/swc-darwin-arm64': [ '16.2.6' ],
390 silly audit   '@next/swc-darwin-x64': [ '16.2.6' ],
390 silly audit   '@next/swc-linux-arm64-gnu': [ '16.2.6' ],
390 silly audit   '@next/swc-linux-arm64-musl': [ '16.2.6' ],
390 silly audit   '@next/swc-linux-x64-gnu': [ '16.2.6' ],
390 silly audit   '@next/swc-linux-x64-musl': [ '16.2.6' ],
390 silly audit   '@next/swc-win32-arm64-msvc': [ '16.2.6' ],
390 silly audit   '@next/swc-win32-x64-msvc': [ '16.2.6' ],
390 silly audit   '@nodelib/fs.scandir': [ '2.1.5' ],
390 silly audit   '@nodelib/fs.stat': [ '2.0.5' ],
390 silly audit   '@nodelib/fs.walk': [ '1.2.8' ],
390 silly audit   '@nolyfill/is-core-module': [ '1.0.39' ],
390 silly audit   '@prisma/client': [ '6.19.3' ],
390 silly audit   '@prisma/config': [ '6.19.3' ],
390 silly audit   '@prisma/debug': [ '6.19.3' ],
390 silly audit   '@prisma/engines': [ '6.19.3' ],
390 silly audit   '@prisma/engines-version': [ '7.1.1-3.c2990dca591cba766e3b7ef5d9e8a84796e47ab7' ],
390 silly audit   '@prisma/fetch-engine': [ '6.19.3' ],
390 silly audit   '@prisma/get-platform': [ '6.19.3' ],
390 silly audit   '@rtsao/scc': [ '1.1.0' ],
390 silly audit   '@standard-schema/spec': [ '1.1.0' ],
390 silly audit   '@swc/helpers': [ '0.5.15' ],
390 silly audit   '@tailwindcss/node': [ '4.3.0' ],
390 silly audit   '@tailwindcss/oxide': [ '4.3.0' ],
390 silly audit   '@tailwindcss/oxide-android-arm64': [ '4.3.0' ],
390 silly audit   '@tailwindcss/oxide-darwin-arm64': [ '4.3.0' ],
390 silly audit   '@tailwindcss/oxide-darwin-x64': [ '4.3.0' ],
390 silly audit   '@tailwindcss/oxide-freebsd-x64': [ '4.3.0' ],
390 silly audit   '@tailwindcss/oxide-linux-arm-gnueabihf': [ '4.3.0' ],
390 silly audit   '@tailwindcss/oxide-linux-arm64-gnu': [ '4.3.0' ],
390 silly audit   '@tailwindcss/oxide-linux-arm64-musl': [ '4.3.0' ],
390 silly audit   '@tailwindcss/oxide-linux-x64-gnu': [ '4.3.0' ],
390 silly audit   '@tailwindcss/oxide-linux-x64-musl': [ '4.3.0' ],
390 silly audit   '@tailwindcss/oxide-wasm32-wasi': [ '4.3.0' ],
390 silly audit   '@tailwindcss/oxide-win32-arm64-msvc': [ '4.3.0' ],
390 silly audit   '@tailwindcss/oxide-win32-x64-msvc': [ '4.3.0' ],
390 silly audit   '@tailwindcss/postcss': [ '4.3.0' ],
390 silly audit   '@tybys/wasm-util': [ '0.10.2' ],
390 silly audit   '@types/estree': [ '1.0.9' ],
390 silly audit   '@types/json-schema': [ '7.0.15' ],
390 silly audit   '@types/json5': [ '0.0.29' ],
390 silly audit   '@types/node': [ '20.19.41' ],
390 silly audit   '@types/react': [ '19.2.14' ],
390 silly audit   '@types/react-dom': [ '19.2.3' ],
390 silly audit   '@typescript-eslint/eslint-plugin': [ '8.59.3' ],
390 silly audit   ignore: [ '7.0.5', '5.3.2' ],
390 silly audit   '@typescript-eslint/parser': [ '8.59.3' ],
390 silly audit   '@typescript-eslint/project-service': [ '8.59.3' ],
390 silly audit   '@typescript-eslint/scope-manager': [ '8.59.3' ],
390 silly audit   '@typescript-eslint/tsconfig-utils': [ '8.59.3' ],
390 silly audit   '@typescript-eslint/type-utils': [ '8.59.3' ],
390 silly audit   '@typescript-eslint/types': [ '8.59.3' ],
390 silly audit   '@typescript-eslint/typescript-estree': [ '8.59.3' ],
390 silly audit   'balanced-match': [ '4.0.4', '1.0.2' ],
390 silly audit   'brace-expansion': [ '5.0.6', '1.1.14' ],
390 silly audit   minimatch: [ '10.2.5', '3.1.5' ],
390 silly audit   semver: [ '7.8.0', '6.3.1' ],
390 silly audit   '@typescript-eslint/utils': [ '8.59.3' ],
390 silly audit   '@typescript-eslint/visitor-keys': [ '8.59.3' ],
390 silly audit   '@unrs/resolver-binding-android-arm-eabi': [ '1.11.1' ],
390 silly audit   '@unrs/resolver-binding-android-arm64': [ '1.11.1' ],
390 silly audit   '@unrs/resolver-binding-darwin-arm64': [ '1.11.1' ],
390 silly audit   '@unrs/resolver-binding-darwin-x64': [ '1.11.1' ],
390 silly audit   '@unrs/resolver-binding-freebsd-x64': [ '1.11.1' ],
390 silly audit   '@unrs/resolver-binding-linux-arm-gnueabihf': [ '1.11.1' ],
390 silly audit   '@unrs/resolver-binding-linux-arm-musleabihf': [ '1.11.1' ],
390 silly audit   '@unrs/resolver-binding-linux-arm64-gnu': [ '1.11.1' ],
390 silly audit   '@unrs/resolver-binding-linux-arm64-musl': [ '1.11.1' ],
390 silly audit   '@unrs/resolver-binding-linux-ppc64-gnu': [ '1.11.1' ],
390 silly audit   '@unrs/resolver-binding-linux-riscv64-gnu': [ '1.11.1' ],
390 silly audit   '@unrs/resolver-binding-linux-riscv64-musl': [ '1.11.1' ],
390 silly audit   '@unrs/resolver-binding-linux-s390x-gnu': [ '1.11.1' ],
390 silly audit   '@unrs/resolver-binding-linux-x64-gnu': [ '1.11.1' ],
390 silly audit   '@unrs/resolver-binding-linux-x64-musl': [ '1.11.1' ],
390 silly audit   '@unrs/resolver-binding-wasm32-wasi': [ '1.11.1' ],
390 silly audit   '@unrs/resolver-binding-win32-arm64-msvc': [ '1.11.1' ],
390 silly audit   '@unrs/resolver-binding-win32-ia32-msvc': [ '1.11.1' ],
390 silly audit   '@unrs/resolver-binding-win32-x64-msvc': [ '1.11.1' ],
390 silly audit   acorn: [ '8.16.0' ],
390 silly audit   'acorn-jsx': [ '5.3.2' ],
390 silly audit   ajv: [ '6.15.0' ],
390 silly audit   'ansi-styles': [ '4.3.0' ],
390 silly audit   argparse: [ '2.0.1' ],
390 silly audit   'aria-query': [ '5.3.2' ],
390 silly audit   'array-buffer-byte-length': [ '1.0.2' ],
390 silly audit   'array-includes': [ '3.1.9' ],
390 silly audit   'array.prototype.findlast': [ '1.2.5' ],
390 silly audit   'array.prototype.findlastindex': [ '1.2.6' ],
390 silly audit   'array.prototype.flat': [ '1.3.3' ],
390 silly audit   'array.prototype.flatmap': [ '1.3.3' ],
390 silly audit   'array.prototype.tosorted': [ '1.1.4' ],
390 silly audit   'arraybuffer.prototype.slice': [ '1.0.4' ],
390 silly audit   'ast-types-flow': [ '0.0.8' ],
390 silly audit   'async-function': [ '1.0.0' ],
390 silly audit   'available-typed-arrays': [ '1.0.7' ],
390 silly audit   'axe-core': [ '4.11.4' ],
390 silly audit   'axobject-query': [ '4.1.0' ],
390 silly audit   'baseline-browser-mapping': [ '2.10.30' ],
390 silly audit   braces: [ '3.0.3' ],
390 silly audit   browserslist: [ '4.28.2' ],
390 silly audit   c12: [ '3.1.0' ],
390 silly audit   'call-bind': [ '1.0.9' ],
390 silly audit   'call-bind-apply-helpers': [ '1.0.2' ],
390 silly audit   'call-bound': [ '1.0.4' ],
390 silly audit   callsites: [ '3.1.0' ],
390 silly audit   'caniuse-lite': [ '1.0.30001793' ],
390 silly audit   chalk: [ '4.1.2' ],
390 silly audit   chokidar: [ '4.0.3' ],
390 silly audit   citty: [ '0.1.6', '0.2.2' ],
390 silly audit   'client-only': [ '0.0.1' ],
390 silly audit   'color-convert': [ '2.0.1' ],
390 silly audit   'color-name': [ '1.1.4' ],
390 silly audit   'concat-map': [ '0.0.1' ],
390 silly audit   confbox: [ '0.2.4' ],
390 silly audit   consola: [ '3.4.2' ],
390 silly audit   'convert-source-map': [ '2.0.0' ],
390 silly audit   'cross-spawn': [ '7.0.6' ],
390 silly audit   csstype: [ '3.2.3' ],
390 silly audit   'damerau-levenshtein': [ '1.0.8' ],
390 silly audit   'data-view-buffer': [ '1.0.2' ],
390 silly audit   'data-view-byte-length': [ '1.0.2' ],
390 silly audit   'data-view-byte-offset': [ '1.0.1' ],
390 silly audit   debug: [ '4.4.3', '3.2.7' ],
390 silly audit   'deep-is': [ '0.1.4' ],
390 silly audit   'deepmerge-ts': [ '7.1.5' ],
390 silly audit   'define-data-property': [ '1.1.4' ],
390 silly audit   'define-properties': [ '1.2.1' ],
390 silly audit   defu: [ '6.1.7' ],
390 silly audit   destr: [ '2.0.5' ],
390 silly audit   'detect-libc': [ '2.1.2' ],
390 silly audit   doctrine: [ '2.1.0' ],
390 silly audit   dotenv: [ '16.6.1' ],
390 silly audit   'dunder-proto': [ '1.0.1' ],
390 silly audit   effect: [ '3.21.0' ],
390 silly audit   'electron-to-chromium': [ '1.5.357' ],
390 silly audit   'emoji-regex': [ '9.2.2' ],
390 silly audit   empathic: [ '2.0.0' ],
390 silly audit   'enhanced-resolve': [ '5.21.3' ],
390 silly audit   'es-abstract': [ '1.24.2' ],
390 silly audit   'es-define-property': [ '1.0.1' ],
390 silly audit   'es-errors': [ '1.3.0' ],
390 silly audit   'es-iterator-helpers': [ '1.3.2' ],
390 silly audit   'es-object-atoms': [ '1.1.1' ],
390 silly audit   'es-set-tostringtag': [ '2.1.0' ],
390 silly audit   'es-shim-unscopables': [ '1.1.0' ],
390 silly audit   'es-to-primitive': [ '1.3.0' ],
390 silly audit   escalade: [ '3.2.0' ],
390 silly audit   'escape-string-regexp': [ '4.0.0' ],
390 silly audit   eslint: [ '9.39.4' ],
390 silly audit   'eslint-config-next': [ '16.2.6' ],
390 silly audit   globals: [ '16.4.0', '14.0.0' ],
390 silly audit   'eslint-import-resolver-node': [ '0.3.10' ],
390 silly audit   'eslint-import-resolver-typescript': [ '3.10.1' ],
390 silly audit   'eslint-module-utils': [ '2.12.1' ],
390 silly audit   'eslint-plugin-import': [ '2.32.0' ],
390 silly audit   'eslint-plugin-jsx-a11y': [ '6.10.2' ],
390 silly audit   'eslint-plugin-react': [ '7.37.5' ],
390 silly audit   'eslint-plugin-react-hooks': [ '7.1.1' ],
390 silly audit   'eslint-scope': [ '8.4.0' ],
390 silly audit   espree: [ '10.4.0' ],
390 silly audit   esquery: [ '1.7.0' ],
390 silly audit   esrecurse: [ '4.3.0' ],
390 silly audit   estraverse: [ '5.3.0' ],
390 silly audit   esutils: [ '2.0.3' ],
390 silly audit   exsolve: [ '1.0.8' ],
390 silly audit   'fast-check': [ '3.23.2' ],
390 silly audit   'fast-deep-equal': [ '3.1.3' ],
390 silly audit   'fast-glob': [ '3.3.1' ],
390 silly audit   'glob-parent': [ '5.1.2', '6.0.2' ],
390 silly audit   'fast-json-stable-stringify': [ '2.1.0' ],
390 silly audit   'fast-levenshtein': [ '2.0.6' ],
390 silly audit   fastq: [ '1.20.1' ],
390 silly audit   'file-entry-cache': [ '8.0.0' ],
390 silly audit   'fill-range': [ '7.1.1' ],
390 silly audit   'find-up': [ '5.0.0' ],
390 silly audit   'flat-cache': [ '4.0.1' ],
390 silly audit   flatted: [ '3.4.2' ],
390 silly audit   'for-each': [ '0.3.5' ],
390 silly audit   'function-bind': [ '1.1.2' ],
390 silly audit   'function.prototype.name': [ '1.1.8' ],
390 silly audit   'functions-have-names': [ '1.2.3' ],
390 silly audit   'generator-function': [ '2.0.1' ],
390 silly audit   gensync: [ '1.0.0-beta.2' ],
390 silly audit   'get-intrinsic': [ '1.3.0' ],
390 silly audit   'get-proto': [ '1.0.1' ],
390 silly audit   'get-symbol-description': [ '1.1.0' ],
390 silly audit   'get-tsconfig': [ '4.14.0' ],
390 silly audit   giget: [ '2.0.0' ],
390 silly audit   globalthis: [ '1.0.4' ],
390 silly audit   gopd: [ '1.2.0' ],
390 silly audit   'graceful-fs': [ '4.2.11' ],
390 silly audit   'has-bigints': [ '1.1.0' ],
390 silly audit   'has-flag': [ '4.0.0' ],
390 silly audit   'has-property-descriptors': [ '1.0.2' ],
390 silly audit   'has-proto': [ '1.2.0' ],
390 silly audit   'has-symbols': [ '1.1.0' ],
390 silly audit   'has-tostringtag': [ '1.0.2' ],
390 silly audit   hasown: [ '2.0.3' ],
390 silly audit   'hermes-estree': [ '0.25.1' ],
390 silly audit   'hermes-parser': [ '0.25.1' ],
390 silly audit   'import-fresh': [ '3.3.1' ],
390 silly audit   imurmurhash: [ '0.1.4' ],
390 silly audit   'internal-slot': [ '1.1.0' ],
390 silly audit   'is-array-buffer': [ '3.0.5' ],
390 silly audit   'is-async-function': [ '2.1.1' ],
390 silly audit   'is-bigint': [ '1.1.0' ],
390 silly audit   'is-boolean-object': [ '1.2.2' ],
390 silly audit   'is-bun-module': [ '2.0.0' ],
390 silly audit   'is-callable': [ '1.2.7' ],
390 silly audit   'is-core-module': [ '2.16.2' ],
390 silly audit   'is-data-view': [ '1.0.2' ],
390 silly audit   'is-date-object': [ '1.1.0' ],
390 silly audit   'is-extglob': [ '2.1.1' ],
390 silly audit   'is-finalizationregistry': [ '1.1.1' ],
390 silly audit   'is-generator-function': [ '1.1.2' ],
390 silly audit   'is-glob': [ '4.0.3' ],
390 silly audit   'is-map': [ '2.0.3' ],
390 silly audit   'is-negative-zero': [ '2.0.3' ],
390 silly audit   'is-number': [ '7.0.0' ],
390 silly audit   'is-number-object': [ '1.1.1' ],
390 silly audit   'is-regex': [ '1.2.1' ],
390 silly audit   'is-set': [ '2.0.3' ],
390 silly audit   'is-shared-array-buffer': [ '1.0.4' ],
390 silly audit   'is-string': [ '1.1.1' ],
390 silly audit   'is-symbol': [ '1.1.1' ],
390 silly audit   'is-typed-array': [ '1.1.15' ],
390 silly audit   'is-weakmap': [ '2.0.2' ],
390 silly audit   'is-weakref': [ '1.1.1' ],
390 silly audit   'is-weakset': [ '2.0.4' ],
390 silly audit   isarray: [ '2.0.5' ],
390 silly audit   isexe: [ '2.0.0' ],
390 silly audit   'iterator.prototype': [ '1.1.5' ],
390 silly audit   jiti: [ '2.7.0' ],
390 silly audit   'js-tokens': [ '4.0.0' ],
390 silly audit   'js-yaml': [ '4.1.1' ],
390 silly audit   jsesc: [ '3.1.0' ],
390 silly audit   'json-buffer': [ '3.0.1' ],
390 silly audit   'json-schema-traverse': [ '0.4.1' ],
390 silly audit   'json-stable-stringify-without-jsonify': [ '1.0.1' ],
390 silly audit   json5: [ '2.2.3', '1.0.2' ],
390 silly audit   'jsx-ast-utils': [ '3.3.5' ],
390 silly audit   keyv: [ '4.5.4' ],
390 silly audit   'language-subtag-registry': [ '0.3.23' ],
390 silly audit   'language-tags': [ '1.0.9' ],
390 silly audit   levn: [ '0.4.1' ],
390 silly audit   lightningcss: [ '1.32.0' ],
390 silly audit   'lightningcss-android-arm64': [ '1.32.0' ],
390 silly audit   'lightningcss-darwin-arm64': [ '1.32.0' ],
390 silly audit   'lightningcss-darwin-x64': [ '1.32.0' ],
390 silly audit   'lightningcss-freebsd-x64': [ '1.32.0' ],
390 silly audit   'lightningcss-linux-arm-gnueabihf': [ '1.32.0' ],
390 silly audit   'lightningcss-linux-arm64-gnu': [ '1.32.0' ],
390 silly audit   'lightningcss-linux-arm64-musl': [ '1.32.0' ],
390 silly audit   'lightningcss-linux-x64-gnu': [ '1.32.0' ],
390 silly audit   'lightningcss-linux-x64-musl': [ '1.32.0' ],
390 silly audit   'lightningcss-win32-arm64-msvc': [ '1.32.0' ],
390 silly audit   'lightningcss-win32-x64-msvc': [ '1.32.0' ],
390 silly audit   'locate-path': [ '6.0.0' ],
390 silly audit   'lodash.merge': [ '4.6.2' ],
390 silly audit   'loose-envify': [ '1.4.0' ],
390 silly audit   'lru-cache': [ '5.1.1' ],
390 silly audit   'magic-string': [ '0.30.21' ],
390 silly audit   'math-intrinsics': [ '1.1.0' ],
390 silly audit   merge2: [ '1.4.1' ],
390 silly audit   micromatch: [ '4.0.8' ],
390 silly audit   minimist: [ '1.2.8' ],
390 silly audit   ms: [ '2.1.3' ],
390 silly audit   nanoid: [ '3.3.12' ],
390 silly audit   'napi-postinstall': [ '0.3.4' ],
390 silly audit   'natural-compare': [ '1.4.0' ],
390 silly audit   next: [ '16.2.6' ],
390 silly audit   postcss: [ '8.4.31', '8.5.14' ],
390 silly audit   'node-exports-info': [ '1.6.0' ],
390 silly audit   'node-fetch-native': [ '1.6.7' ],
390 silly audit   'node-releases': [ '2.0.44' ],
390 silly audit   nypm: [ '0.6.6' ],
390 silly audit   'object-assign': [ '4.1.1' ],
390 silly audit   'object-inspect': [ '1.13.4' ],
390 silly audit   'object-keys': [ '1.1.1' ],
390 silly audit   'object.assign': [ '4.1.7' ],
390 silly audit   'object.entries': [ '1.1.9' ],
390 silly audit   'object.fromentries': [ '2.0.8' ],
390 silly audit   'object.groupby': [ '1.0.3' ],
390 silly audit   'object.values': [ '1.2.1' ],
390 silly audit   ohash: [ '2.0.11' ],
390 silly audit   optionator: [ '0.9.4' ],
390 silly audit   'own-keys': [ '1.0.1' ],
390 silly audit   'p-limit': [ '3.1.0' ],
390 silly audit   'p-locate': [ '5.0.0' ],
390 silly audit   'parent-module': [ '1.0.1' ],
390 silly audit   'path-exists': [ '4.0.0' ],
390 silly audit   'path-key': [ '3.1.1' ],
390 silly audit   'path-parse': [ '1.0.7' ],
390 silly audit   pathe: [ '2.0.3' ],
390 silly audit   'perfect-debounce': [ '1.0.0' ],
390 silly audit   picocolors: [ '1.1.1' ],
390 silly audit   picomatch: [ '2.3.2', '4.0.4' ],
390 silly audit   'pkg-types': [ '2.3.1' ],
390 silly audit   'possible-typed-array-names': [ '1.1.0' ],
390 silly audit   'prelude-ls': [ '1.2.1' ],
390 silly audit   prisma: [ '6.19.3' ],
390 silly audit   'prop-types': [ '15.8.1' ],
390 silly audit   punycode: [ '2.3.1' ],
390 silly audit   'pure-rand': [ '6.1.0' ],
390 silly audit   'queue-microtask': [ '1.2.3' ],
390 silly audit   rc9: [ '2.1.2' ],
390 silly audit   react: [ '19.2.4' ],
390 silly audit   'react-dom': [ '19.2.4' ],
390 silly audit   'react-is': [ '16.13.1' ],
390 silly audit   readdirp: [ '4.1.2' ],
390 silly audit   'reflect.getprototypeof': [ '1.0.10' ],
390 silly audit   'regexp.prototype.flags': [ '1.5.4' ],
390 silly audit   resolve: [ '2.0.0-next.7' ],
390 silly audit   'resolve-from': [ '4.0.0' ],
390 silly audit   'resolve-pkg-maps': [ '1.0.0' ],
390 silly audit   reusify: [ '1.1.0' ],
390 silly audit   'run-parallel': [ '1.2.0' ],
390 silly audit   'safe-array-concat': [ '1.1.4' ],
390 silly audit   'safe-push-apply': [ '1.0.0' ],
390 silly audit   'safe-regex-test': [ '1.1.0' ],
390 silly audit   scheduler: [ '0.27.0' ],
390 silly audit   'set-function-length': [ '1.2.2' ],
390 silly audit   'set-function-name': [ '2.0.2' ],
390 silly audit   'set-proto': [ '1.0.0' ],
390 silly audit   sharp: [ '0.34.5' ],
390 silly audit   'shebang-command': [ '2.0.0' ],
390 silly audit   'shebang-regex': [ '3.0.0' ],
390 silly audit   'side-channel': [ '1.1.0' ],
390 silly audit   'side-channel-list': [ '1.0.1' ],
390 silly audit   'side-channel-map': [ '1.0.1' ],
390 silly audit   'side-channel-weakmap': [ '1.0.2' ],
390 silly audit   'source-map-js': [ '1.2.1' ],
390 silly audit   'stable-hash': [ '0.0.5' ],
390 silly audit   'stop-iteration-iterator': [ '1.1.0' ],
390 silly audit   'string.prototype.includes': [ '2.0.1' ],
390 silly audit   'string.prototype.matchall': [ '4.0.12' ],
390 silly audit   'string.prototype.repeat': [ '1.0.0' ],
390 silly audit   'string.prototype.trim': [ '1.2.10' ],
390 silly audit   'string.prototype.trimend': [ '1.0.9' ],
390 silly audit   'string.prototype.trimstart': [ '1.0.8' ],
390 silly audit   'strip-bom': [ '3.0.0' ],
390 silly audit   'strip-json-comments': [ '3.1.1' ],
390 silly audit   'styled-jsx': [ '5.1.6' ],
390 silly audit   'supports-color': [ '7.2.0' ],
390 silly audit   'supports-preserve-symlinks-flag': [ '1.0.0' ],
390 silly audit   tailwindcss: [ '4.3.0' ],
390 silly audit   tapable: [ '2.3.3' ],
390 silly audit   tinyexec: [ '1.2.4' ],
390 silly audit   tinyglobby: [ '0.2.16' ],
390 silly audit   fdir: [ '6.5.0' ],
390 silly audit   'to-regex-range': [ '5.0.1' ],
390 silly audit   'ts-api-utils': [ '2.5.0' ],
390 silly audit   'tsconfig-paths': [ '3.15.0' ],
390 silly audit   tslib: [ '2.8.1' ],
390 silly audit   'type-check': [ '0.4.0' ],
390 silly audit   'typed-array-buffer': [ '1.0.3' ],
390 silly audit   'typed-array-byte-length': [ '1.0.3' ],
390 silly audit   'typed-array-byte-offset': [ '1.0.4' ],
390 silly audit   'typed-array-length': [ '1.0.7' ],
390 silly audit   typescript: [ '5.9.3' ],
390 silly audit   'typescript-eslint': [ '8.59.3' ],
390 silly audit   'unbox-primitive': [ '1.1.0' ],
390 silly audit   'undici-types': [ '6.21.0' ],
390 silly audit   'unrs-resolver': [ '1.11.1' ],
390 silly audit   'update-browserslist-db': [ '1.2.3' ],
390 silly audit   'uri-js': [ '4.4.1' ],
390 silly audit   which: [ '2.0.2' ],
390 silly audit   'which-boxed-primitive': [ '1.1.1' ],
390 silly audit   'which-builtin-type': [ '1.2.1' ],
390 silly audit   'which-collection': [ '1.0.2' ],
390 silly audit   'which-typed-array': [ '1.1.20' ],
390 silly audit   'word-wrap': [ '1.2.5' ],
390 silly audit   yallist: [ '3.1.1' ],
390 silly audit   'yocto-queue': [ '0.1.0' ],
390 silly audit   zod: [ '4.4.3' ],
390 silly audit   'zod-validation-error': [ '4.0.2' ]
390 silly audit }
391 verbose audit error FetchError: request to https://registry.npmmirror.com/-/npm/v1/security/advisories/bulk failed, reason: connect EACCES 112.48.174.28:443
391 verbose audit error     at ClientRequest.<anonymous> (D:\Program Files\nodejs\node_modules\npm\node_modules\minipass-fetch\lib\index.js:130:14)
391 verbose audit error     at ClientRequest.emit (node:events:509:28)
391 verbose audit error     at emitErrorEvent (node:_http_client:109:11)
391 verbose audit error     at _destroy (node:_http_client:993:9)
391 verbose audit error     at onSocketNT (node:_http_client:1013:5)
391 verbose audit error     at process.processTicksAndRejections (node:internal/process/task_queues:91:21) {
391 verbose audit error   code: 'EACCES',
391 verbose audit error   errno: 'EACCES',
391 verbose audit error   syscall: 'connect',
391 verbose audit error   address: '112.48.174.28',
391 verbose audit error   port: 443,
391 verbose audit error   type: 'system'
391 verbose audit error }
392 silly audit error undefined
393 silly audit report null
394 http fetch GET https://registry.npmmirror.com/@unrs/resolver-binding-win32-x64-msvc/-/resolver-binding-win32-x64-msvc-1.11.1.tgz attempt 1 failed with EACCES
395 http fetch GET https://registry.npmmirror.com/@typescript-eslint/visitor-keys/-/visitor-keys-8.59.3.tgz attempt 1 failed with EACCES
396 http fetch GET https://registry.npmmirror.com/minimatch/-/minimatch-10.2.5.tgz attempt 1 failed with EACCES
397 http fetch GET https://registry.npmmirror.com/@typescript-eslint/typescript-estree/-/typescript-estree-8.59.3.tgz attempt 1 failed with EACCES
398 http fetch GET https://registry.npmmirror.com/@typescript-eslint/utils/-/utils-8.59.3.tgz attempt 1 failed with EACCES
399 http fetch GET https://registry.npmmirror.com/eslint-visitor-keys/-/eslint-visitor-keys-5.0.1.tgz attempt 1 failed with EACCES
400 http fetch GET https://registry.npmmirror.com/balanced-match/-/balanced-match-4.0.4.tgz attempt 1 failed with EACCES
401 http fetch GET https://registry.npmmirror.com/@typescript-eslint/tsconfig-utils/-/tsconfig-utils-8.59.3.tgz attempt 1 failed with EACCES
402 http fetch GET https://registry.npmmirror.com/semver/-/semver-7.8.0.tgz attempt 1 failed with EACCES
403 http fetch GET https://registry.npmmirror.com/brace-expansion/-/brace-expansion-5.0.6.tgz attempt 1 failed with EACCES
404 http fetch GET https://registry.npmmirror.com/@typescript-eslint/types/-/types-8.59.3.tgz attempt 1 failed with EACCES
405 http fetch GET https://registry.npmmirror.com/@typescript-eslint/type-utils/-/type-utils-8.59.3.tgz attempt 1 failed with EACCES
406 http fetch GET https://registry.npmmirror.com/@typescript-eslint/scope-manager/-/scope-manager-8.59.3.tgz attempt 1 failed with EACCES
407 http fetch GET https://registry.npmmirror.com/@typescript-eslint/parser/-/parser-8.59.3.tgz attempt 1 failed with EACCES
408 http fetch GET https://registry.npmmirror.com/@unrs/resolver-binding-win32-x64-msvc/-/resolver-binding-win32-x64-msvc-1.11.1.tgz attempt 2 failed with EACCES
409 http fetch GET https://registry.npmmirror.com/@typescript-eslint/visitor-keys/-/visitor-keys-8.59.3.tgz attempt 2 failed with EACCES
410 http fetch GET https://registry.npmmirror.com/minimatch/-/minimatch-10.2.5.tgz attempt 2 failed with EACCES
411 http fetch GET https://registry.npmmirror.com/@typescript-eslint/typescript-estree/-/typescript-estree-8.59.3.tgz attempt 2 failed with EACCES
412 http fetch GET https://registry.npmmirror.com/@typescript-eslint/utils/-/utils-8.59.3.tgz attempt 2 failed with EACCES
413 http fetch GET https://registry.npmmirror.com/eslint-visitor-keys/-/eslint-visitor-keys-5.0.1.tgz attempt 2 failed with EACCES
414 http fetch GET https://registry.npmmirror.com/balanced-match/-/balanced-match-4.0.4.tgz attempt 2 failed with EACCES
415 http fetch GET https://registry.npmmirror.com/@typescript-eslint/tsconfig-utils/-/tsconfig-utils-8.59.3.tgz attempt 2 failed with EACCES
416 http fetch GET https://registry.npmmirror.com/semver/-/semver-7.8.0.tgz attempt 2 failed with EACCES
417 http fetch GET https://registry.npmmirror.com/brace-expansion/-/brace-expansion-5.0.6.tgz attempt 2 failed with EACCES
418 http fetch GET https://registry.npmmirror.com/@typescript-eslint/types/-/types-8.59.3.tgz attempt 2 failed with EACCES
419 http fetch GET https://registry.npmmirror.com/@typescript-eslint/type-utils/-/type-utils-8.59.3.tgz attempt 2 failed with EACCES
420 http fetch GET https://registry.npmmirror.com/@typescript-eslint/scope-manager/-/scope-manager-8.59.3.tgz attempt 2 failed with EACCES
421 http fetch GET https://registry.npmmirror.com/@typescript-eslint/parser/-/parser-8.59.3.tgz attempt 2 failed with EACCES
422 http fetch GET https://registry.npmmirror.com/@unrs/resolver-binding-win32-x64-msvc/-/resolver-binding-win32-x64-msvc-1.11.1.tgz attempt 3 failed with EACCES
423 verbose reify failed optional dependency C:\Users\expert\Documents\Codex\2026-06-03\c-users-expert-desktop-novax-pro\node_modules\@unrs\resolver-binding-win32-x64-msvc
424 silly reify mark deleted [
424 silly reify   'C:\\Users\\expert\\Documents\\Codex\\2026-06-03\\c-users-expert-desktop-novax-pro\\node_modules\\@unrs\\resolver-binding-win32-x64-msvc'
424 silly reify ]
425 http fetch GET https://registry.npmmirror.com/@typescript-eslint/visitor-keys/-/visitor-keys-8.59.3.tgz attempt 3 failed with EACCES
426 http fetch GET https://registry.npmmirror.com/minimatch/-/minimatch-10.2.5.tgz attempt 3 failed with EACCES
427 http fetch GET https://registry.npmmirror.com/@typescript-eslint/typescript-estree/-/typescript-estree-8.59.3.tgz attempt 3 failed with EACCES
428 http fetch GET https://registry.npmmirror.com/@typescript-eslint/utils/-/utils-8.59.3.tgz attempt 3 failed with EACCES
429 http fetch GET https://registry.npmmirror.com/eslint-visitor-keys/-/eslint-visitor-keys-5.0.1.tgz attempt 3 failed with EACCES
430 http fetch GET https://registry.npmmirror.com/balanced-match/-/balanced-match-4.0.4.tgz attempt 3 failed with EACCES
431 http fetch GET https://registry.npmmirror.com/@typescript-eslint/tsconfig-utils/-/tsconfig-utils-8.59.3.tgz attempt 3 failed with EACCES
432 http fetch GET https://registry.npmmirror.com/semver/-/semver-7.8.0.tgz attempt 3 failed with EACCES
433 http fetch GET https://registry.npmmirror.com/brace-expansion/-/brace-expansion-5.0.6.tgz attempt 3 failed with EACCES
434 http fetch GET https://registry.npmmirror.com/@typescript-eslint/types/-/types-8.59.3.tgz attempt 3 failed with EACCES
435 http fetch GET https://registry.npmmirror.com/@typescript-eslint/type-utils/-/type-utils-8.59.3.tgz attempt 3 failed with EACCES
436 http fetch GET https://registry.npmmirror.com/@typescript-eslint/scope-manager/-/scope-manager-8.59.3.tgz attempt 3 failed with EACCES
437 http fetch GET https://registry.npmmirror.com/@typescript-eslint/parser/-/parser-8.59.3.tgz attempt 3 failed with EACCES
438 verbose cwd C:\Users\expert\Documents\Codex\2026-06-03\c-users-expert-desktop-novax-pro
439 verbose os Windows_NT 10.0.26200
440 verbose node v24.15.0
441 verbose npm  v11.12.1
442 error Exit handler never called!
443 error This is an error with npm itself. Please report this error at:
444 error   <https://github.com/npm/cli/issues>
445 verbose exit 1
446 verbose code 1
447 error A complete log of this run can be found in: C:\Users\expert\Documents\Codex\2026-06-03\c-users-expert-desktop-novax-pro\.npm-cache\_logs\2026-06-03T13_12_45_492Z-debug-0.log
